id_user,bulan,wants_ratio,fixed_costs_ratio,savings_rate,wants_frequency,small_leaks_ratio,night_owl_spending,weekend_surge,early_month_depletion,balance_volatility,survival_mode_days
USR-001,1,0.9511658616651587,0.04883413833484122,0.0016270958466453676,0.92,0.32,0.04,0.9499628084011833,0.9971869904153355,0.19997921842618344,2
USR-001,2,0.3785983431659558,0.6214016568340442,0.0012095399361022362,0.41935483870967744,0.12903225806451613,0.0967741935483871,1.1293164242230183,0.9963357188498402,0.29230965387707897,2
USR-001,3,0.11839564450761714,0.5045088803831695,0.37438231948881784,0.2916666666666667,0.375,0.041666666666666664,1.3487031480725022,0.4980321533546326,0.3374346756676555,3
USR-002,1,0.3704885735682914,0.4126442785794113,0.23683568636363636,0.6451612903225806,0.4838709677419355,0.03225806451612903,0.11941804426914793,0.994657118181818,0.19714331226075946,6
USR-002,2,0.76130175802396,0.2386982419760399,-0.004376454545454545,0.75,0.25,0.0,1.6379027628844782,1.0003625681818182,0.26615620113866445,2
USR-002,3,0.7464165191359263,0.25358348086407356,0.0013930818181818185,0.6764705882352942,0.29411764705882354,0.029411764705882353,2.8816732792161663,1.0002340045454543,0.2666675105590201,7
USR-003,1,0.8361326809730923,0.16386731902690774,0.00185596449704142,0.7941176470588235,0.35294117647058826,0.058823529411764705,0.2805172881405275,0.9917912512426019,0.152802811654617,4
USR-003,2,0.18757402019016758,0.8124259798098323,0.0019454615384615385,0.6551724137931034,0.4482758620689655,0.06896551724137931,7.384143073619284,0.9982618875739644,0.10299904213178274,6
USR-003,3,0.804205102898795,0.1275694428421487,0.06589989349112427,0.8837209302325582,0.4186046511627907,0.06976744186046512,1.3953436654795055,0.9971310513609465,0.22270657782186876,2
USR-004,1,0.6660073420136705,0.3339926579863294,0.0017362076124567475,0.7333333333333333,0.26666666666666666,0.03333333333333333,0.1901664103526578,0.996282937716263,0.16140172696107025,3
USR-004,2,0.5115407508607032,0.4884592491392967,0.00013761937716262954,0.6521739130434783,0.30434782608695654,0.043478260869565216,16.62556640724125,0.9998623806228375,0.07777136830075433,3
USR-004,3,0.4307132521173248,0.5692867478826752,2.4702422145328834e-05,0.59375,0.375,0.0625,0.8696973756727763,0.9978216228373703,0.16424017407765576,6
USR-005,1,0.38357785200224115,0.5168865668247683,0.10334557594936708,0.6,0.35,0.15,0.0,0.9957688417721519,0.17258167620028378,2
USR-005,2,0.5047753102562722,0.2938693095459123,0.20082084810126583,0.375,0.1875,0.0,2.12189268199869,0.9165052658227848,0.19652622035745354,5
USR-005,3,0.33582042515177174,0.6641795748482284,0.034789322784810124,0.3235294117647059,0.17647058823529413,0.08823529411764706,0.9597671985486768,0.9524951645569623,0.22402595944626413,5
USR-006,1,0.21341180034283996,0.78658819965716,0.051220851674641146,0.0967741935483871,0.12903225806451613,0.16129032258064516,0.7768016292554584,0.9713700765550239,0.2263949656042251,7
USR-006,2,0.728694772459631,0.27130522754036906,-0.04412846411483254,0.3333333333333333,0.26666666666666666,0.0,0.9912093954142592,0.9143785550239234,0.261493159929454,4
USR-006,3,0.13547238131567044,0.8053173083026316,0.05835921531100478,0.25,0.0,0.0,5.50473654438884,0.9495545980861243,0.04263326917496177,4
USR-007,1,0.7356770761033405,0.26432292389665973,0.03559296245733789,0.6764705882352942,0.38235294117647056,0.11764705882352941,0.07215984171597489,0.9952928464163822,0.2649226880258191,4
USR-007,2,0.6393074674197954,0.3322667404636044,-0.0009083344709897654,0.6571428571428571,0.37142857142857144,0.05714285714285714,1.8323909867679298,0.8894555048464146,0.12253048892675607,4
USR-007,3,0.5554997775328625,0.34627439823197775,0.10717400682593857,0.7380952380952381,0.5,0.07142857142857142,2.3858489409809507,0.9996398122866895,0.18748222413788973,5
USR-008,1,0.04882444363325869,0.7303164294867067,0.34523114589665654,0.03125,0.09375,0.15625,0.9319705511009587,0.7215071610942247,0.26276597324412837,8
USR-008,2,0.14541659130082255,0.6702000175984055,0.1809159604863222,0.19047619047619047,0.14285714285714285,0.07142857142857142,0.7837780663524749,0.7926508936170213,0.3489620606468434,6
USR-008,3,0.14821303018594303,0.8260621977801711,0.0276080273556231,0.21428571428571427,0.17857142857142858,0.14285714285714285,0.9802466466864813,1.0034084437689967,0.27828792693297105,4
USR-009,1,0.12255065550582318,0.8774493444941767,0.007694655303030303,0.23529411764705882,0.17647058823529413,0.17647058823529413,1.394875258213414,0.9125835075757573,0.34126104953162806,5
USR-009,2,0.15915806576392488,0.7018806617785266,0.1376764015151515,0.24,0.32,0.08,1.203122695068982,0.981067306818182,0.34556159696288014,3
USR-009,3,0.4978598595263937,0.40196378625312873,0.09648321212121214,0.42857142857142855,0.19047619047619047,0.0,0.9988117248174189,0.6411562348484848,0.3341798587471297,1
USR-010,1,0.4195501880394797,0.5804498119605203,0.003561079470198675,0.47368421052631576,0.3157894736842105,0.0,1.1387904615213396,0.9948072317880794,0.06561835884388406,5
USR-010,2,0.900554419717603,0.09944558028239708,0.0010843311258278148,0.9473684210526315,0.3157894736842105,0.0,2.0742456771661106,0.9989156688741722,0.2714787312244271,3
USR-010,3,0.5831995323049858,0.41680046769501417,-0.0008560264900662248,0.6666666666666666,0.5666666666666667,0.1,1.3364454157988666,1.000444165562914,0.1618127150241154,2
USR-011,1,0.5925274950390215,0.35560968128140785,0.1908994641350211,0.36363636363636365,0.13636363636363635,0.045454545454545456,0.6398956899691634,0.9166309691139245,0.21710698408516396,6
USR-011,2,0.4118321443024109,0.5311654177903854,-0.04415800421940928,0.41025641025641024,0.23076923076923078,0.0,1.3216780961291894,1.123485029535865,0.22594495999868364,4
USR-011,3,0.3413410279017222,0.47268860951946123,0.3880240421940928,0.4782608695652174,0.21739130434782608,0.0,1.333337179970358,0.9518370295358649,0.1413194054249588,3
USR-012,1,0.2552362397597619,0.6002539101337757,0.14716616231884058,0.4090909090909091,0.13636363636363635,0.045454545454545456,0.4589191550506066,0.8983769507246376,0.25869101766194014,4
USR-012,2,0.1455309458187583,0.8544690541812415,0.00017239130434782609,0.1794871794871795,0.28205128205128205,0.07692307692307693,0.9771081087087597,0.47130961739130434,0.29706942508815026,7
USR-012,3,0.059496169203786836,0.8857613767334489,0.06946130434782609,0.1724137931034483,0.1724137931034483,0.2413793103448276,0.9548310616030815,0.8740066462608694,0.2650336383249182,5
USR-013,1,0.3391029739851597,0.30110363728154577,0.432646983805668,0.55,0.4,0.1,0.05682508192908856,0.9969263562753039,0.25826350102090984,5
USR-013,2,0.6875640030445251,0.31243599695547475,-0.00037126315789473704,0.7352941176470589,0.35294117647058826,0.029411764705882353,4.841431374962728,1.2212148259109312,0.21783263982661372,4
USR-013,3,0.3736917324084538,0.33349554654655145,0.3793358987854251,0.6470588235294118,0.4411764705882353,0.08823529411764706,0.6978720906767867,0.9998057287449392,0.31033687570959795,6
USR-014,1,0.1102611168729589,0.6065952006491626,0.28528857983193273,0.1875,0.1875,0.0,1.7774115402123363,0.9440653361344538,0.3718772730521164,4
USR-014,2,0.1612802514584195,0.8387197485415803,0.0018903991596638653,0.13636363636363635,0.18181818181818182,0.0,1.0770019569059368,0.9931774453781513,0.3054998091882785,4
USR-014,3,0.21452364866830242,0.7854763513316974,0.0023762436974789913,0.2857142857142857,0.19047619047619047,0.0,0.6990690213666875,0.9567500672268908,0.2651730480947059,8
USR-015,1,0.13817421982853484,0.560086300246603,0.6433570683229813,0.20689655172413793,0.1724137931034483,0.10344827586206896,0.4373792138011631,0.8884323726708073,0.32136593341983954,6
USR-015,2,0.22696027577953543,0.7224583840997378,0.073186,0.18181818181818182,0.2727272727272727,0.18181818181818182,3.3804212381052943,0.9944208074534161,0.15703380616918616,8
USR-015,3,0.23788283686826278,0.7621171631317372,0.02556062111801242,0.25925925925925924,0.07407407407407407,0.037037037037037035,1.5365733749597006,0.9313083043478262,0.2553271743598988,6
USR-016,1,0.12843617221759412,0.8715638277824059,0.003991364640883978,0.18181818181818182,0.18181818181818182,0.18181818181818182,0.07949742127556494,0.9940480055248618,0.023963313270692416,3
USR-016,2,0.3657867264392045,0.5357914772777863,0.0987486906077348,0.375,0.1875,0.125,1.3999286897703487,0.9977421878453039,0.3283790671884493,2
USR-016,3,0.44879617150296336,0.5512038284970366,0.002835243093922652,0.3,0.25,0.1,1.2299611279697755,0.9067626022099446,0.24999294508300499,3
USR-017,1,0.280902057080585,0.7190979429194151,0.008962062222222221,0.2857142857142857,0.23809523809523808,0.047619047619047616,1.5447787564215538,0.5273272780444445,0.29413757018135034,3
USR-017,2,0.3249322254157257,0.2726773504863658,0.40319112,0.21428571428571427,0.21428571428571427,0.07142857142857142,0.3134643493205963,0.9217055822222222,0.2974477279032624,5
USR-017,3,0.1577743974217568,0.6870773249776381,0.15191967111111113,0.11764705882352941,0.11764705882352941,0.058823529411764705,1.7972588581679907,0.9371548399999998,0.30066947868186844,3
USR-018,1,0.16772112317655238,0.8322788768234477,0.004758578512396694,0.22727272727272727,0.045454545454545456,0.045454545454545456,1.0483412861715622,0.7937409173553719,0.2608345725703253,4
USR-018,2,0.1863254081365679,0.8136745918634323,-0.0009213471074380165,0.21052631578947367,0.21052631578947367,0.10526315789473684,1.0108732318761906,0.8962696322314049,0.23533015780103794,4
USR-018,3,0.4731939095768378,0.5268060904231622,0.007823694214876031,0.2727272727272727,0.13636363636363635,0.09090909090909091,0.6988639520704836,0.9743886859504133,0.3541793745632537,2
USR-019,1,0.45548819562561926,0.5445118043743807,0.003699802395209581,0.6190476190476191,0.38095238095238093,0.09523809523809523,0.0012000806553255417,0.9939504011976047,0.1674514110794365,6
USR-019,2,0.5314204780855302,0.35050807562467634,0.16301024550898202,0.6666666666666666,0.45454545454545453,0.09090909090909091,1.4504878869696023,0.9999950119760479,0.20993302137002834,4
USR-019,3,0.5169483003122751,0.4830516996877249,-0.0005515089820359284,0.5625,0.375,0.0625,12.846204582976533,0.6330976148503002,0.2946620570300703,3
USR-020,1,0.6929885043563566,0.27459188840804527,0.035142106628242076,0.6410256410256411,0.2564102564102564,0.05128205128205128,1.2971701787050376,0.8904480804034582,0.3568880968236996,7
USR-020,2,0.2569534341834145,0.6061147472985368,0.1614852478386167,0.21428571428571427,0.14285714285714285,0.023809523809523808,0.9767601239830976,0.8974657665706054,0.30030111156517303,7
USR-020,3,0.5431563112747487,0.4189699330764651,0.19343984149855908,0.46511627906976744,0.18604651162790697,0.09302325581395349,0.9411053490993847,0.9029473924495678,0.25598089579242245,4
USR-021,1,0.5093311288898998,0.4906688711100998,0.0912406985645933,0.6078431372549019,0.35294117647058826,0.0392156862745098,0.5667892163900352,0.9958628755980861,0.17016759026009662,11
USR-021,2,0.7025539291405944,0.2974460708594054,-0.08793819138755982,0.7272727272727273,0.45454545454545453,0.13636363636363635,1.1394941127768636,0.9980153588516747,0.28660335877025966,3
USR-021,3,0.5620124495481135,0.2993924291014927,0.17092506220095693,0.6666666666666666,0.36363636363636365,0.06060606060606061,1.9555577601736445,1.0007905119617226,0.20451333687633463,3
USR-022,1,0.2496700693327217,0.7204712480005218,0.06893811278195489,0.27586206896551724,0.20689655172413793,0.06896551724137931,0.610706744420378,0.9845957669172933,0.23150001500863393,4
USR-022,2,0.23281965453387757,0.4443219167749306,0.43203984962406017,0.19230769230769232,0.19230769230769232,0.19230769230769232,0.59459025349875,0.6147227894736843,0.28116122866899745,1
USR-022,3,0.12846259831425938,0.8715374016857406,0.0019183458646616542,0.1875,0.3125,0.09375,0.6015320855752304,0.5159128759398496,0.31235353455503867,5
USR-023,1,0.296181993394941,0.7038180066050591,0.011078785340314135,0.34615384615384615,0.15384615384615385,0.038461538461538464,1.7681518516511738,0.9475522408376965,0.2513369413685138,6
USR-023,2,0.479080142736999,0.4103948609502515,0.11067007853403142,0.5,0.2222222222222222,0.05555555555555555,0.7750555968092916,0.9980463193717278,0.24595311424529692,2
USR-023,3,0.2839240664065544,0.7160759335934456,0.04918877486910995,0.32,0.24,0.04,1.1172830145018284,0.9623682303664921,0.26187476264153353,6
USR-024,1,0.3162992921957166,0.6241346009847424,0.09215152647975079,0.325,0.175,0.1,1.5723906944719808,0.9066717196261683,0.2485468085612225,9
USR-024,2,0.5598645112529241,0.44013548874707575,-0.010653856697819314,0.43243243243243246,0.16216216216216217,0.08108108108108109,1.197375304997549,1.0101063738317757,0.21782054891456507,3
USR-024,3,0.5097713961341723,0.42987040386749786,0.06126232398753894,0.2962962962962963,0.2222222222222222,0.037037037037037035,1.0099519082401647,0.7965478847352024,0.27009296028387275,8
USR-025,1,0.058532077946756265,0.9414679220532439,0.0016493179012345678,0.08,0.32,0.04,0.29168143540118696,0.7868683950617285,0.34576516291853493,4
USR-025,2,0.3192459170598902,0.591689172355317,0.10382006172839506,0.13636363636363635,0.09090909090909091,0.0,1.031215721180375,0.8554136790123457,0.27287913843548833,4
USR-025,3,0.19994366611027026,0.8000563338897299,0.010090867283950616,0.2,0.13333333333333333,0.13333333333333333,0.4167950366418127,0.9889654907407406,0.41001283551785905,1
USR-026,1,0.1657984406599093,0.8342015593400904,0.0018649166666666666,0.6666666666666666,0.4,0.0,0.041135738230373226,0.997604948717949,0.03113543085599856,5
USR-026,2,0.7625905383342118,0.2374094616657883,1.806089743589755e-05,0.6818181818181818,0.18181818181818182,0.045454545454545456,11.400680248035817,0.997861048076923,0.35209191594467415,3
USR-026,3,0.5314306333436858,0.46856936665631443,0.00012049038461538442,0.7307692307692307,0.2692307692307692,0.0,1.5329119193223524,0.9967590512820512,0.15390071150525605,4
USR-027,1,0.6225614654734671,0.3464754956412419,0.04957442452830189,0.7428571428571429,0.37142857142857144,0.08571428571428572,0.02675551260569468,0.9971513207547169,0.19492828930326894,9
USR-027,2,0.6614475722642172,0.3385524277357829,0.0009610424528301887,0.6666666666666666,0.3333333333333333,0.02564102564102564,1.2018286083503043,1.2937438820754714,0.22609630348437582,6
USR-027,3,0.5126735365877352,0.48732646341226477,-0.0012528915094339624,0.75,0.5,0.03571428571428571,1.6044479013003192,1.0012528867924528,0.25336036891595193,2
USR-028,1,0.2429391405088932,0.7570608594911068,0.008137301369863013,0.21052631578947367,0.21052631578947367,0.0,2.0606561934135863,1.1870783789954338,0.2898691952322517,5
USR-028,2,0.12997901239577245,0.8700209876042277,-0.0020178675799086753,0.16666666666666666,0.16666666666666666,0.05555555555555555,1.0482618980862528,0.7059211735159817,0.3431416282357072,3
USR-028,3,0.385596804346349,0.614403195653651,-0.0028685479452054794,0.19230769230769232,0.11538461538461539,0.038461538461538464,0.9383384339610098,0.8714585567123263,0.19649036179545534,8
USR-029,1,0.22689944726239647,0.7731005527376035,0.002718572815533981,0.17391304347826086,0.2608695652173913,0.0,0.5007915805270104,0.9316504126213593,0.24950637776779083,5
USR-029,2,0.16941612666914507,0.8305838733308549,0.024757344660194174,0.1875,0.0625,0.0,1.0275420113993827,0.8342969972815532,0.27877186666667464,2
USR-029,3,0.14865977318886012,0.413996843143217,0.4527078640776699,0.16666666666666666,0.2777777777777778,0.0,0.9028725353156867,1.0024339466019418,0.3078572212880404,8
USR-030,1,0.39618676247054696,0.603813237529453,0.001783121387283237,0.6896551724137931,0.3448275862068966,0.06896551724137931,0.2336371454411964,0.8155467803468209,0.1923125850001085,5
USR-030,2,0.6742160524373326,0.28232080638542767,0.04677396531791908,0.6862745098039216,0.47058823529411764,0.058823529411764705,0.673086883629004,0.9943053757225434,0.2846080474728437,7
USR-030,3,0.6521270943615364,0.34787290563846346,-0.0015511387283236994,0.7083333333333334,0.25,0.08333333333333333,1.6459244029093125,0.999910965317919,0.13946023987784015,3
USR-031,1,0.7009884046768636,0.2990115953231364,0.007846924050632911,0.5882352941176471,0.35294117647058826,0.058823529411764705,0.6412426825761987,0.9417333670886078,0.24538799384849005,4
USR-031,2,0.4208497071221583,0.5791502928778417,-0.003880443037974683,0.5294117647058824,0.17647058823529413,0.0,1.414161895744424,0.9965141392405064,0.17250114368358352,2
USR-031,3,0.5628406884977828,0.43715931150221715,0.010831208860759492,0.625,0.3125,0.125,2.206272306010261,0.9923977531645568,0.08890921669971512,3
USR-032,1,0.8030013965606141,0.196998603439386,0.003749066265060241,0.7222222222222222,0.3333333333333333,0.0,0.0,0.9954086024096386,0.0797036955273585,3
USR-032,2,0.5802395707959709,0.41976042920402895,0.0038942891566265056,0.6296296296296297,0.37037037037037035,0.0,1.7269112377913824,0.9980835060240963,0.16004310132317157,6
USR-032,3,0.4635940045353017,0.5364059954646982,-0.004424349397590361,0.6176470588235294,0.3235294117647059,0.058823529411764705,1.6879218459429604,1.0017347891566266,0.14185117001595704,6
USR-033,1,0.2851152800435977,0.7148847199564023,0.1417587254237288,0.2903225806451613,0.16129032258064516,0.0967741935483871,0.5955960531284339,0.8136314896271184,0.15442818899519586,6
USR-033,2,0.3553098164474101,0.6446901835525898,-0.10622764745762711,0.20588235294117646,0.058823529411764705,0.0,1.4464534747373836,1.0826318983050847,0.29814388301149747,5
USR-033,3,0.1811338667480497,0.8188661332519503,-0.031914938983050846,0.17647058823529413,0.08823529411764706,0.14705882352941177,0.9222792907604701,0.9240282542372882,0.3303678050672157,8
USR-034,1,0.35067737412587535,0.6493226258741245,0.0016739716088328075,0.4473684210526316,0.2631578947368421,0.10526315789473684,1.0407400617252274,0.9251276813880126,0.25114538126591024,5
USR-034,2,0.5481984976926318,0.24672256653893948,0.19908582018927443,0.48,0.24,0.04,1.8113810216415036,0.9571327791798107,0.2298764891250523,5
USR-034,3,0.5283430269711462,0.4716569730288538,-0.00039347949526813907,0.5142857142857142,0.2857142857142857,0.05714285714285714,1.0378745691870308,0.8209893404416387,0.24470725827913004,4
USR-035,1,0.38604564255952123,0.6139543574404787,0.002042015923566879,0.42857142857142855,0.2857142857142857,0.03571428571428571,0.49034865222604684,0.7953301878980893,0.21237047518317534,4
USR-035,2,0.18082582878342143,0.8191741712165783,0.0015158566878980889,0.2608695652173913,0.21739130434782608,0.08695652173913043,2.6046239289132265,0.9454853408917201,0.20069800008288863,4
USR-035,3,0.2414907746580283,0.7585092253419716,0.007855299363057325,0.21875,0.15625,0.0625,0.9717694245962321,0.841166269713375,0.2871158258708509,6
USR-036,1,0.472007549247309,0.21417870159174685,0.31587079459459466,0.5789473684210527,0.2631578947368421,0.05263157894736842,0.0,0.996128956756757,0.38387803770748624,2
USR-036,2,0.723066856913529,0.276933143086471,1.3340540540540697e-05,0.78125,0.4375,0.0,0.8885254439395265,0.9918822810810811,0.26564845912279894,4
USR-036,3,0.6969673476487234,0.11561422437475698,0.24238696756756758,0.8620689655172413,0.41379310344827586,0.06896551724137931,1.1161805423795141,1.2922339135135135,0.26701198391809683,3
USR-037,1,0.1916286221396812,0.2305153423363295,0.5789210278745645,0.3333333333333333,0.2,0.06666666666666667,1.029988332444378,0.9938738675958189,0.37316612643825925,4
USR-037,2,0.2680805849130775,0.7319194150869226,-0.0003556759581881533,0.5714285714285714,0.21428571428571427,0.0,10.530868616670842,1.0003556724738676,0.09050864552040007,2
USR-037,3,0.45080661048905146,0.5491933895109486,0.0032508641114982577,0.44,0.28,0.04,3.1178085092486683,1.0827197456445994,0.31866717382846077,3
USR-038,1,0.07584815026948846,0.9241518497305116,0.002273942084942085,0.08333333333333333,0.16666666666666666,0.041666666666666664,2.1384317800259716,0.7118850772200772,0.28242103656610107,2
USR-038,2,0.17445570372169203,0.7787822547630252,0.05088566409266409,0.21052631578947367,0.10526315789473684,0.0,0.9496759832309767,0.9782995675675675,0.2964136674616362,1
USR-038,3,0.12252013617783307,0.4791230575767351,0.3988586332046332,0.125,0.2916666666666667,0.08333333333333333,0.6912328103487129,0.9018267606177608,0.25435984562392633,6
USR-039,1,0.2859544527830516,0.2040312923763501,0.5112068349514564,0.5294117647058824,0.35294117647058826,0.11764705882352941,0.0,0.9975660922330096,0.4052962142088462,1
USR-039,2,0.5519806463352629,0.3810974069164411,0.0878238155339806,0.7368421052631579,0.5,0.02631578947368421,2.2770864033475253,0.9972695631067962,0.17139432985009395,5
USR-039,3,0.5624798797858588,0.4375201202141413,-0.006084679611650486,0.65,0.25,0.05,0.8703442538276698,0.9964454466019418,0.21995089255166214,2
USR-040,1,0.38985778284018735,0.4273922926202182,0.24573305202312143,0.5,0.4117647058823529,0.11764705882352941,0.06499080314053789,0.9923308959537575,0.19349244815303998,7
USR-040,2,0.6902534670358722,0.30974653296412785,3.3687861271676676e-05,0.75,0.35,0.05,8.225689509909127,0.9995333468208092,0.010116859530738024,4
USR-040,3,0.6965352959144832,0.303464704085517,-3.8861271676300854e-05,0.5625,0.375,0.125,5.373643344361654,1.0000388612716762,0.046459373056408015,3
USR-041,1,0.3257578653533668,0.6742421346466334,0.24369314814814813,0.2692307692307692,0.23076923076923078,0.11538461538461539,1.628285532535544,0.9844943333333334,0.17078994144473036,6
USR-041,2,0.11789899520667117,0.2505243965156478,0.458403216931217,0.2,0.2,0.0,6.327508055204645,1.064572148148148,0.3776936649076852,3
USR-041,3,0.2014296061375282,0.7985703938624718,-0.004784825396825397,0.45454545454545453,0.36363636363636365,0.0,0.2291754327783527,0.9888990846560847,0.3194954003089187,4
USR-042,1,0.07067310008357762,0.9293268999164225,0.762325725308642,0.2222222222222222,0.1111111111111111,0.1111111111111111,0.0,0.9952381419753087,0.08491057170832426,0
USR-042,2,0.2590759122561208,0.6657689548376322,-0.6860330802469137,0.41379310344827586,0.3448275862068966,0.13793103448275862,2.021111085026408,0.9570961220987656,0.24180891237883706,5
USR-042,3,0.36864632707997247,0.2789917647975101,0.33866590740740743,0.5333333333333333,0.23333333333333334,0.13333333333333333,0.8473206497825342,0.8572670954320971,0.26551720885569485,6
USR-043,1,0.46171259849845786,0.5382874015015419,0.0020444838709677417,0.6071428571428571,0.35714285714285715,0.10714285714285714,1.3600767153055027,1.1992402943548388,0.3287412312048869,3
USR-043,2,0.5884560561096331,0.4115439438903666,0.009875612903225807,0.42857142857142855,0.3333333333333333,0.14285714285714285,0.7517231481606851,0.9840542016129034,0.3174588215593366,3
USR-043,3,0.47876446384490223,0.30452447377497904,0.21124639112903223,0.6190476190476191,0.09523809523809523,0.0,1.156950231526127,1.0044544556451611,0.188947967752042,2
USR-044,1,0.23339193195934319,0.766608068040657,0.016473260223048326,0.2,0.2,0.13333333333333333,1.307747201102793,0.8761370185873606,0.2002844978329968,9
USR-044,2,0.20245775936586707,0.7975422406341328,0.019973312267657993,0.23076923076923078,0.0,0.07692307692307693,0.6855184822770848,0.9764659851301115,0.34652103010186663,4
USR-044,3,0.20367772929718217,0.7963222707028177,-0.024172981412639405,0.14285714285714285,0.23809523809523808,0.0,0.8997511915869612,0.9307032972490704,0.25158971864933555,6
USR-045,1,0.4331890881684271,0.30911721284673566,0.25940159106529215,0.6875,0.3125,0.03125,0.3032307000336235,0.9960777353951892,0.32977256185773796,3
USR-045,2,0.4877029518829164,0.23280722151833474,0.27910535395189,0.6923076923076923,0.38461538461538464,0.11538461538461539,3.068130021611562,1.0005336116838488,0.08228391076901435,4
USR-045,3,0.4912293204298287,0.30026686180773193,0.20850265292096218,0.65,0.25,0.1,1.8156861297939164,0.9988411855670105,0.41775598710936535,3
USR-046,1,0.15097767049386457,0.5160928668807218,0.4441904357541899,0.13636363636363635,0.22727272727272727,0.045454545454545456,0.5009761578414155,0.9709320614525139,0.25929788136943105,5
USR-046,2,0.33798815094479456,0.5926179771275337,0.0787653407821229,0.2631578947368421,0.21052631578947367,0.0,1.6871769490319237,0.9366573240223461,0.23961811177600675,4
USR-046,3,0.15435558432035715,0.6914436443018808,0.14780701117318434,0.2,0.3,0.0,1.2414308246721781,0.9766923184357541,0.23213409114567837,2
USR-047,1,0.4195212678284396,0.39425138314414504,0.22694559064327482,0.43478260869565216,0.21739130434782608,0.13043478260869565,0.8654640262926949,0.9795422222222222,0.29427963944524665,4
USR-047,2,0.6562844802044219,0.3204594816938053,-0.011098941520467833,0.5135135135135135,0.2702702702702703,0.08108108108108109,0.8084263596025408,0.9901642028070174,0.26387044787005687,6
USR-047,3,0.4596145132009096,0.5403854867990902,-0.0002945672514619883,0.5,0.23333333333333334,0.1,0.7422643272118901,0.8848348976608187,0.35296901243553425,4
USR-048,1,0.6377069087746251,0.362293091225375,0.0026009113924050633,0.68,0.32,0.0,0.13664343171186566,0.9943265147679324,0.1732124441827364,2
USR-048,2,0.3955654091132402,0.5259523566246861,0.10900147679324894,0.5555555555555556,0.2222222222222222,0.1111111111111111,1.51769406194144,0.9993499282700422,0.1401742457384382,4
USR-048,3,0.659702863812691,0.1779056942358954,0.16099078059071728,0.6666666666666666,0.2916666666666667,0.125,3.5060658986391333,1.0006772573839662,0.14323944420378346,4
USR-049,1,0.3633555879871268,0.6366444120128734,0.005523263157894737,0.4074074074074074,0.25925925925925924,0.0,0.7174342000194238,0.9963382526315789,0.21480372864094657,5
USR-049,2,0.1604851004244934,0.8395148995755065,0.0010012052631578942,0.3888888888888889,0.3333333333333333,0.1111111111111111,0.7602408684308689,0.9973096684210527,0.24036777284088287,1
USR-049,3,0.09801942787219321,0.9019805721278069,0.0012721052631578947,0.08333333333333333,0.25,0.0,1.0449078514783148,0.9836239894736841,0.273063027534149,2
USR-050,1,0.14450040359834634,0.8554995964016536,0.004991392215568862,0.16129032258064516,0.06451612903225806,0.0,0.7831423378404937,0.296323,0.2954719252423308,2
USR-050,2,0.19564034952833687,0.8043596504716632,0.09211488023952095,0.25806451612903225,0.1935483870967742,0.03225806451612903,0.7898281600866147,0.8929062334131734,0.29789155728037825,7
USR-050,3,0.27246494852533343,0.7275350514746667,-0.09557973952095809,0.17857142857142858,0.21428571428571427,0.03571428571428571,2.247872737390159,0.9018964009580821,0.2636435096610621,8
USR-051,1,0.775980098636551,0.22401990136344904,0.014018816546762588,0.7619047619047619,0.23809523809523808,0.0,0.06695164991533596,0.997379334532374,0.3984027589128239,2
USR-051,2,0.6468799893480911,0.27801048236665415,0.06554724100719424,0.675,0.35,0.075,1.6002786071588206,1.0236342985611508,0.291523710426158,6
USR-051,3,0.6858823203438928,0.3141176796561074,-0.0002668956834532375,0.6585365853658537,0.3170731707317073,0.14634146341463414,2.8710606274179877,1.3129525683453236,0.11718111343703058,7
USR-052,1,0.08993229745009597,0.9100677025499039,0.007004717514124294,0.09090909090909091,0.22727272727272727,0.045454545454545456,0.4888398887397513,0.669995464858758,0.13487989882932114,7
USR-052,2,0.37606821516797206,0.6239317848320277,-0.001161056497175141,0.35,0.1,0.05,0.7346710547192702,0.9990542824858756,0.3708122792545913,3
USR-052,3,0.35995591497931057,0.6400440850206893,0.005337474576271186,0.42857142857142855,0.2857142857142857,0.0,1.0392694822082778,0.9107118248587571,0.3152302192455281,4
USR-053,1,0.05982501125910351,0.9401749887408966,0.0020533194888178916,0.11764705882352941,0.29411764705882354,0.23529411764705882,0.5060907655447446,0.993794051118211,0.3109442037225117,4
USR-053,2,0.16192294267447863,0.8380770573255213,0.02834415015974441,0.1111111111111111,0.16666666666666666,0.05555555555555555,1.6964315068709652,0.6008071979552714,0.27326131762389877,5
USR-053,3,0.06185839251853397,0.9381416074814659,-0.016168600638977636,0.1111111111111111,0.07407407407407407,0.07407407407407407,0.7578603064217191,0.9672419968051117,0.30912252510497285,6
USR-054,1,0.46289568230741474,0.5371043176925855,0.08576229100529101,0.4,0.28,0.12,0.9660534734045152,0.9833975291005291,0.20797048038318455,8
USR-054,2,0.6128827208384583,0.3871172791615416,-0.08249965079365079,0.5714285714285714,0.07142857142857142,0.0,1.9903120379111525,1.039146142857143,0.32544157573254384,3
USR-054,3,0.263002100811855,0.7369978991881451,0.004793915343915344,0.5,0.5714285714285714,0.07142857142857142,16.562643107488658,0.977346402116402,0.034016701824555684,5
USR-055,1,0.14226177267695578,0.8577382273230444,0.032674732638888884,0.1724137931034483,0.1724137931034483,0.0,0.6895696269807051,0.6028353229166667,0.3148133343858191,10
USR-055,2,0.17172889834916685,0.8282711016508332,0.06715868055555556,0.21428571428571427,0.14285714285714285,0.0,0.5299714730642554,0.9637512881944444,0.2656923496653791,7
USR-055,3,0.06677515735440492,0.9332248426455951,0.007479454861111116,0.1,0.2,0.0,0.8484509972812337,1.092609670138889,0.233729585560404,3
USR-056,1,0.42068652734102496,0.49613813669950646,0.12025964356435642,0.59375,0.15625,0.03125,0.8981836043021627,0.9945403498349834,0.29441312808266346,1
USR-056,2,0.387398507517665,0.3672521507684117,0.2598039768976898,0.375,0.125,0.0,1.6179940698931572,0.994242099009901,0.2877024337615776,4
USR-056,3,0.40591031945242534,0.5517057201727742,0.03829216171617162,0.4583333333333333,0.2916666666666667,0.0,1.6236756806472177,0.7394847110561062,0.1717287266714571,5
USR-057,1,0.3552579788095625,0.6447420211904376,0.01723692134831461,0.47368421052631576,0.2631578947368421,0.05263157894736842,0.5655638469312436,0.953231213483146,0.22397922409429136,3
USR-057,2,0.10341661990817638,0.8965833800918236,-0.01042156179775281,0.16666666666666666,0.0,0.16666666666666666,1.0,0.9930165505617978,0.5137092192248103,1
USR-057,3,0.5063941084996469,0.4936058915003531,-0.002752421348314607,0.5,0.375,0.08333333333333333,1.2949715086089368,0.8849835877528087,0.2274506892656847,5
USR-058,1,0.09489000404682998,0.9051099959531702,0.0025005833333333334,0.3333333333333333,0.3333333333333333,0.0,0.0,0.9972257499999998,0.0001935146571302501,2
USR-058,2,0.38726575507155814,0.6127342449284421,0.0012156578947368423,0.36363636363636365,0.24242424242424243,0.06060606060606061,1.4768462796162514,0.9705518464912283,0.22320707223615519,9
USR-058,3,0.08213678748423667,0.9178632125157635,0.005886583333333332,0.06666666666666667,0.2,0.0,0.5305864942653882,0.9135378133771938,0.39197865654734587,4
USR-059,1,0.6095161514755555,0.3586844667686524,0.03479142711864407,0.6428571428571429,0.35714285714285715,0.10714285714285714,0.31870987345282925,0.9524946946440661,0.3338692228346083,3
USR-059,2,0.0684255680439234,0.9315744319560768,0.021773681355932203,0.14285714285714285,0.21428571428571427,0.0,8.304292132851698,0.9799915254237288,0.03816451379136273,9
USR-059,3,0.2740378390171261,0.5498867705596521,0.15528451186440678,0.2727272727272727,0.18181818181818182,0.045454545454545456,1.448241321454296,0.46782156949152537,0.29638447467382917,3
USR-060,1,0.7797837438600607,0.22021625613993903,0.002951729927007299,0.7142857142857143,0.23809523809523808,0.047619047619047616,0.0957401517927373,0.9970482700729931,0.3570754767333799,1
USR-060,2,0.8160416027260226,0.18395839727397761,0.006719565693430657,0.7727272727272727,0.38636363636363635,0.1590909090909091,1.5042262087447142,1.0003955620437954,0.24059899689997097,2
USR-060,3,0.5075969103583624,0.4924030896416375,-0.007199773722627736,0.56,0.36,0.04,4.018352690317416,1.1083133087591241,0.4116269451866042,3
USR-061,1,0.5750653658064135,0.4249346341935864,0.0030175034965034962,0.6060606060606061,0.30303030303030304,0.030303030303030304,0.21585528874770493,0.9970277307692307,0.329683050396604,2
USR-061,2,0.5264698327800647,0.4048946288634028,0.08304823076923078,0.5,0.25,0.08333333333333333,0.43704135448285575,1.1418250384615385,0.2927706148210114,2
USR-061,3,0.08399657882092608,0.916003421179074,0.02241543706293706,0.16666666666666666,0.13333333333333333,0.06666666666666667,1.737127093076192,0.9385782517482517,0.12997111841923317,7
USR-062,1,0.08124738815583607,0.9187526118441639,0.004534785977859779,0.25,0.375,0.125,0.09393825818514076,0.9837454760147603,0.42762053877342204,3
USR-062,2,0.3544477286474068,0.6455522713525932,0.0024698191881918816,0.3076923076923077,0.19230769230769232,0.07692307692307693,1.5984369242589185,1.026041103321033,0.27377798527647834,3
USR-062,3,0.09893479112347199,0.3708411890302133,0.6526527490774907,0.21052631578947367,0.15789473684210525,0.05263157894736842,0.5293560792933536,0.8616551217712177,0.3171422627435942,4
USR-063,1,0.23497107843983964,0.7650289215601607,0.0051196877192982455,0.12,0.24,0.04,0.44171624454650743,0.9599803263157893,0.21086275562078516,10
USR-063,2,0.06515158409246312,0.9348484159075369,-0.001712526315789474,0.125,0.25,0.0,0.26068963358009273,1.0002729754385964,0.43227971750010474,3
USR-063,3,0.11126340954463526,0.14927827977036462,0.7390304456140351,0.2222222222222222,0.1111111111111111,0.0,14.10967217443906,0.9381422736842105,0.041914383974898294,6
USR-064,1,0.09958652198472946,0.34472896808220543,0.9249201666666667,0.2,0.4666666666666667,0.0,0.12214001312533211,0.9702858088235293,0.3010733636992004,3
USR-064,2,0.3072481749474079,0.6927518250525921,-0.11004006372549022,0.22727272727272727,0.0,0.0,0.7844359504685446,0.7769839215686274,0.3291037346287573,2
USR-064,3,0.30195676516244385,0.6980432348375563,-0.03826998039215686,0.23333333333333334,0.36666666666666664,0.03333333333333333,1.121716728343074,0.3955614019607843,0.3258610370154397,7
USR-065,1,0.4483816430654654,0.5516183569345348,0.0031095245398773,0.5098039215686274,0.29411764705882354,0.0392156862745098,0.5545588624081119,0.9971994907975461,0.18579608232248718,8
USR-065,2,0.5735232953140018,0.13567678104679068,0.34572153680981593,0.6808510638297872,0.425531914893617,0.0425531914893617,0.8090826089100885,1.001082346625767,0.32832966150730325,5
USR-065,3,0.40264388955393055,0.2771661205919005,0.32017169018404906,0.7058823529411765,0.4117647058823529,0.029411764705882353,2.005044148467337,0.9996906134969327,0.35727738348923427,4
USR-066,1,0.16838085345371348,0.6484961871726019,0.33324241269841276,0.19230769230769232,0.23076923076923078,0.0,1.3224530672705135,1.2238236269841272,0.3936985530059895,5
USR-066,2,0.07465307702399476,0.9253469229760051,-0.09295965476190476,0.25,0.125,0.0,11.014748209147477,1.0789658769841268,0.03445952175292202,2
USR-066,3,0.16096544823410075,0.8390345517658996,-0.001742615079365079,0.3333333333333333,0.2222222222222222,0.1111111111111111,0.5171725947776391,0.9367262936507937,0.3762424127066734,4
USR-067,1,0.14690240291567092,0.853097597084329,0.02167291603053435,0.10714285714285714,0.21428571428571427,0.14285714285714285,1.383112364829804,0.8976804351145039,0.275471349430646,10
USR-067,2,0.2145297815908862,0.7854702184091137,-0.007015026717557253,0.14285714285714285,0.14285714285714285,0.07142857142857142,0.579405694832175,0.9592552404580152,0.321604272558735,5
USR-067,3,0.23959374732604888,0.5383101465365606,0.21611548854961835,0.44,0.28,0.04,0.9577164964055004,0.7044424067175574,0.34239610630632566,3
USR-068,1,0.5180692031157721,0.16663126399652695,0.3173215352112676,0.7692307692307693,0.38461538461538464,0.19230769230769232,0.052937695449047736,0.997037751173709,0.147795070034241,3
USR-068,2,0.1771722091048548,0.6859776413432901,0.1251147323943662,0.23529411764705882,0.23529411764705882,0.058823529411764705,4.493340297292772,0.7785238446948332,0.10931414761422255,7
USR-068,3,0.24243019526820853,0.6696648630144448,0.09275594366197183,0.4,0.24,0.04,0.9974842078742707,0.6564804600938968,0.3140022917358484,5
USR-069,1,0.1889028289827476,0.8110971710172524,0.007154574193548387,0.13333333333333333,0.06666666666666667,0.13333333333333333,0.046329756011362216,0.9268966322580645,0.17038802822020963,3
USR-069,2,0.12022623163920827,0.8797737683607917,0.001881716129032258,0.14285714285714285,0.0,0.0,3.2018736416944584,0.9617333483870968,0.07507610075399015,2
USR-069,3,0.11936906517945647,0.8806309348205436,-0.0052855806451612905,0.16666666666666666,0.0,0.0,6.725300666666666,1.0052855806451613,0.06375954930281623,2
USR-070,1,0.8809414002871285,0.11905859971287139,0.0018114833333333332,0.6875,0.1875,0.0625,0.0,0.7849564042666677,0.3341022717122736,1
USR-070,2,0.336666365371713,0.5395187420916058,0.14906657666666667,0.2916666666666667,0.125,0.041666666666666664,0.9876762085323672,0.9854692433333335,0.3162125554065343,2
USR-070,3,0.13823561442010068,0.7792917331893568,0.12551245,0.15384615384615385,0.1794871794871795,0.1794871794871795,1.493113215998196,0.7525470320666662,0.2228222547425016,7
USR-071,1,0.24309766840753397,0.756902331592466,0.0029497764350453174,0.13333333333333333,0.26666666666666666,0.0,0.3632521803728219,0.9824583836858006,0.3576665613406947,3
USR-071,2,0.15188449029850312,0.8481155097014969,0.004857909365558912,0.2777777777777778,0.16666666666666666,0.0,0.9511761804314994,0.9217296584894258,0.2643101347654828,4
USR-071,3,0.1147050815467632,0.6516758560835726,0.23292793655589122,0.16,0.16,0.08,1.3958584552597684,0.8577249667673716,0.3541606519499168,4
USR-072,1,0.5140093378457362,0.485990662154264,0.003028622754491018,0.5483870967741935,0.3225806451612903,0.03225806451612903,0.08639556426649998,0.9937269820359281,0.10742801914038076,5
USR-072,2,0.4694278213587179,0.3959965978596096,0.19725536526946105,0.5,0.25,0.05,1.3791651800499003,0.9995327964071855,0.3875795848467599,1
USR-072,3,0.6334335268667308,0.3665664731332693,-0.06089602994011976,0.75,0.5416666666666666,0.08333333333333333,2.5022657395027004,0.9509672055688622,0.2934863321720359,3
USR-073,1,0.23894185166250317,0.7610581483374969,0.005560261904761905,0.2,0.3,0.1,0.7933576404122893,0.9567104345238097,0.19148630164752747,4
USR-073,2,0.3977967828439114,0.6022032171560886,0.04656669642857142,0.2777777777777778,0.2777777777777778,0.05555555555555555,1.9973725782368348,0.9968604166666667,0.3259751453774026,2
USR-073,3,0.277668593535237,0.7223314064647629,-0.036166148809523804,0.2777777777777778,0.2222222222222222,0.05555555555555555,1.5263516943769981,0.998916669285714,0.2520942644570511,4
USR-074,1,0.41354953691371327,0.4908560347826558,0.097738753894081,0.5161290322580645,0.3225806451612903,0.06451612903225806,1.7728365932557621,0.9954594267912773,0.3844994376201189,2
USR-074,2,0.18927864644149572,0.8107213535585043,-0.00043314641744548305,0.6666666666666666,0.25,0.08333333333333333,0.08976980632822458,1.0004331495327103,0.5156992954238825,1
USR-074,3,0.6253863179633442,0.3746136820366557,0.005051619937694704,0.5833333333333334,0.3055555555555556,0.0,1.0595538061721759,0.9244600716510906,0.260009805574928,4
USR-075,1,0.2289890901882423,0.7710109098117577,0.00560431693989071,0.2222222222222222,0.2777777777777778,0.0,0.5308421422918419,0.9030895005464481,0.2046311422396649,4
USR-075,2,0.25229146636065775,0.7477085336393422,0.003988655737704918,0.15789473684210525,0.10526315789473684,0.0,1.214316579309999,0.7986571147540983,0.3185166192576393,4
USR-075,3,0.129353167883912,0.870646832116088,-0.003660295081967213,0.14285714285714285,0.23809523809523808,0.0,0.6811035991615467,0.9672720546448087,0.28454612315723066,4
USR-076,1,0.06632607415623117,0.933673925843769,0.07222879391891893,0.16666666666666666,0.25,0.0,0.03107502531237385,0.8954780439189188,0.3184620562545711,6
USR-076,2,0.13947075657649788,0.7986984905486083,0.0002792939189189162,0.15789473684210525,0.15789473684210525,0.0,1.5305955376470783,0.4407444594594594,0.29304171567998516,1
USR-076,3,0.18432377915824577,0.8156762208417543,0.006629239864864865,0.15625,0.09375,0.0625,0.7165762539933974,0.5674647635135134,0.31398068548619124,5
USR-077,1,0.25782912335659974,0.7421708766434003,0.008845842857142858,0.46153846153846156,0.2564102564102564,0.02564102564102564,2.038609395164052,0.9961456028571428,0.3586622852180265,6
USR-077,2,0.2811521093542578,0.2534629448029722,0.4634594457142857,0.5185185185185185,0.18518518518518517,0.14814814814814814,0.5661731560475275,0.9691668999999999,0.3628640431075736,3
USR-077,3,0.5247062382073808,0.43641619589824815,0.04744855428571429,0.4473684210526316,0.2894736842105263,0.05263157894736842,0.675812312187892,0.8811662540571414,0.24293808096644579,12
USR-078,1,0.423317755369259,0.5766822446307412,0.00970619696969697,0.6666666666666666,0.26666666666666666,0.0,0.0,0.9962045303030301,0.23318784225031203,1
USR-078,2,0.19707538000455735,0.6236867593515387,0.4961387222222222,0.26666666666666666,0.2,0.06666666666666667,1.0749031735648567,0.9852820303030304,0.28020845100347297,3
USR-078,3,0.10268705651662657,0.8973129434833736,-0.2832090808080809,0.1111111111111111,0.18518518518518517,0.0,1.1297199147542096,1.1195603491919175,0.30689157173604587,7
USR-079,1,0.27077296218380525,0.7292270378161946,0.009557523076923077,0.3333333333333333,0.3333333333333333,0.09523809523809523,1.1546721489116727,0.9813929615384616,0.2724563264999061,3
USR-079,2,0.4213512535963992,0.5468978718342374,0.21994573076923077,0.38095238095238093,0.16666666666666666,0.023809523809523808,1.796395971846711,0.8695347384615384,0.17142229350039617,8
USR-079,3,0.3435871665893599,0.2459207680511327,0.3044869,0.5384615384615384,0.07692307692307693,0.15384615384615385,1.5159819924013973,1.0430471846153846,0.04914850714849882,5
USR-080,1,0.16907380705770783,0.8309261929422923,0.002304836431226766,0.2777777777777778,0.16666666666666666,0.0,1.0096972517383218,0.8834148066914499,0.147320832474239,5
USR-080,2,0.5343392636557989,0.17457773504152738,0.30141318959107805,0.375,0.1875,0.0625,2.154258128930549,0.9548199144981414,0.30482450567469843,3
USR-080,3,0.16916858433989643,0.8308314156601035,-0.013354408921933085,0.2,0.3333333333333333,0.06666666666666667,0.5653362305096499,0.9071238062825284,0.3525959816374873,3
USR-081,1,0.12357162528614217,0.8764283747138576,0.09069055205047319,0.125,0.0625,0.0625,1.0493918195927054,0.8185441514195584,0.2187836362483477,11
USR-081,2,0.2556148600930179,0.7443851399069822,-0.08906047003154574,0.22727272727272727,0.045454545454545456,0.0,1.2612027666482564,0.9013178840378556,0.2211667612664485,9
USR-081,3,0.2872882259018585,0.7127117740981413,0.060624776025236596,0.30434782608695654,0.21739130434782608,0.043478260869565216,1.0155693702385318,0.7839268832807572,0.2613652345983557,6
USR-082,1,0.1361484575132107,0.8638515424867893,0.004643494071146246,0.16666666666666666,0.16666666666666666,0.0,2.234728657706267,0.9390370316205533,0.22256987539170597,11
USR-082,2,0.17085618629615698,0.8291438137038428,0.009256699604743082,0.3333333333333333,0.1111111111111111,0.05555555555555555,0.8377256315090154,0.8849129249011857,0.3435759502216918,4
USR-082,3,0.12748727112779723,0.8125987350595721,0.22049428458498024,0.14814814814814814,0.1111111111111111,0.07407407407407407,0.9371605606172377,0.7949000395256918,0.2954119305167497,6
USR-083,1,0.5953083112646327,0.40469168873536726,0.002906101694915254,0.7647058823529411,0.23529411764705882,0.17647058823529413,0.0,0.9903478361581922,0.24731217763747498,3
USR-083,2,0.5590970082147778,0.29326317575231187,0.20957739548022597,0.6285714285714286,0.34285714285714286,0.05714285714285714,1.3227952002822954,1.4150086045197738,0.14952388312168693,4
USR-083,3,0.6510361156781823,0.3489638843218178,0.03537631073446328,0.6666666666666666,0.3611111111111111,0.05555555555555555,4.66774021807238,0.995368615819209,0.1170593014786789,9
USR-084,1,0.2700242312164436,0.6951645577093146,0.04240424041811847,0.3783783783783784,0.2972972972972973,0.02702702702702703,0.767544017765263,0.7877239337979094,0.24940694173195643,6
USR-084,2,0.0644634968119179,0.9355365031880821,-0.005349780487804877,0.16666666666666666,0.3333333333333333,0.0,109.68308008104071,0.9878404843205575,0.009624350489496341,3
USR-084,3,0.08245626261524025,0.9175437373847596,0.12568913588850172,0.125,0.25,0.0,0.3833709792548595,0.9377426132404181,0.23822343040039023,5
USR-085,1,0.37739668089288514,0.2387172860737983,0.39370738775510206,0.6086956521739131,0.34782608695652173,0.08695652173913043,0.0,0.9547768673469389,0.2989139264083386,4
USR-085,2,0.2611778623115577,0.7388221376884423,0.0399956530612245,0.5333333333333333,0.3333333333333333,0.0,0.6723599188277583,0.9938881275510203,0.34128833319061286,1
USR-085,3,0.5388696694631633,0.46113033053683666,-0.03711968877551021,0.4642857142857143,0.21428571428571427,0.10714285714285714,0.8135994786326946,1.5213954897959185,0.2801478428685742,3
USR-086,1,0.3152344241657428,0.5101482592453319,0.2902509822485207,0.32,0.16,0.08,0.4188447254044424,1.241655715976331,0.22639567971715752,6
USR-086,2,0.3693041315598502,0.6306958684401497,-0.009526591715976331,0.4375,0.34375,0.03125,0.7346803408272733,0.9285646686390533,0.3953632008649283,4
USR-086,3,0.6143818807711139,0.3856181192288861,0.0013708284023668633,0.3888888888888889,0.2222222222222222,0.05555555555555555,2.710782300662205,0.9658697396449704,0.1535628429795198,4
USR-087,1,0.3092318312002005,0.1504622858036207,0.5745978896551723,0.7058823529411765,0.6176470588235294,0.08823529411764706,0.12977348463359933,0.998228048275862,0.25135847784319376,6
USR-087,2,0.33609864268224643,0.6015918279686581,0.07049492068965517,0.4166666666666667,0.2916666666666667,0.125,0.9944625619285092,0.8644387517241381,0.14285572542507988,5
USR-087,3,0.08988659480886856,0.6469587182451938,0.24825194137931034,0.10526315789473684,0.15789473684210525,0.10526315789473684,0.6709610502564758,0.7171071572413793,0.35952248594426234,4
USR-088,1,0.6127837010624636,0.38721629893753634,0.0018293090277777778,0.7297297297297297,0.43243243243243246,0.05405405405405406,0.31645733215471455,0.8294536562499999,0.20806486236502528,9
USR-088,2,0.43328579639041065,0.12637298073245656,0.4493326770833333,0.6956521739130435,0.21739130434782608,0.08695652173913043,4.952942441292412,0.9999806631944445,0.055591893850935395,6
USR-088,3,0.8165276825461717,0.18347231745382842,4.689236111111117e-05,0.75,0.34375,0.03125,1.916398068626354,0.9992451770833336,0.11550292447817838,4
USR-089,1,0.28905588988122743,0.6295001440131899,0.0923706081871345,0.5555555555555556,0.3333333333333333,0.1111111111111111,0.07792273733783629,0.9979239327485382,0.037779115264074715,6
USR-089,2,0.735609159915605,0.264390840084395,-0.0007907397660818713,0.8148148148148148,0.2962962962962963,0.0,1.4150541840875905,0.9840601092397662,0.22274611786110302,5
USR-089,3,0.07683799091559172,0.9231620090844083,0.02257254970760234,0.2727272727272727,0.18181818181818182,0.18181818181818182,1.0,0.9998694415204679,0.0,1
USR-090,1,0.4093132793460335,0.39683785960883683,0.2775685182481752,0.3870967741935484,0.12903225806451613,0.0967741935483871,2.36955171608358,0.9716929343065694,0.30828018138742685,5
USR-090,2,0.48638312490198193,0.5136168750980181,-0.013308069343065694,0.38095238095238093,0.19047619047619047,0.0,0.8045934197715824,0.987271102189781,0.25272854493974933,6
USR-090,3,0.3159931649314069,0.46642558827157576,0.2518738321167883,0.3,0.1,0.03333333333333333,1.4909971299323228,0.9646058102189781,0.18793013122628563,7
USR-091,1,0.6420419814795087,0.08453507707439226,0.2750192261904762,0.7142857142857143,0.3333333333333333,0.0,0.02044559421971857,0.9966713333333335,0.30263932010945443,3
USR-091,2,0.5493696088020358,0.4506303911979641,-3.126984126984134e-05,0.625,0.20833333333333334,0.125,2.495329058911249,0.9996649126984131,0.3212821832157967,3
USR-091,3,0.7223230011361061,0.2776769988638939,3.7531746031746e-05,0.7307692307692307,0.38461538461538464,0.038461538461538464,2.2024315128889036,0.9988566825396825,0.2413189094092302,3
USR-092,1,0.09608146377779167,0.9039185362222083,0.1550725,0.14285714285714285,0.2857142857142857,0.14285714285714285,0.1972830878581863,0.9759079733333331,0.059212699015215836,4
USR-092,2,0.2414048636298856,0.7585951363701146,-0.06638510666666667,0.2857142857142857,0.21428571428571427,0.07142857142857142,2.558777774106407,0.9744446999999998,0.328753879136335,2
USR-092,3,0.409576226140499,0.5904237738595012,0.14808146666666666,0.5,0.36666666666666664,0.03333333333333333,5.578746701318287,0.9705668133333332,0.17029450440125893,5
USR-093,1,0.4554929920835543,0.4855395920970506,0.06430723428571429,0.35714285714285715,0.2857142857142857,0.07142857142857142,1.3346750213300207,0.9581563273142857,0.2131727226377157,8
USR-093,2,0.4446536480338514,0.5553463519661486,0.006416331428571428,0.47058823529411764,0.17647058823529413,0.029411764705882353,0.62024936306038,0.8920207171428571,0.35595196987365957,4
USR-093,3,0.47921761597014545,0.35756013233863254,0.16861598000000003,0.5,0.07692307692307693,0.15384615384615385,1.160431362897012,0.9186101799999999,0.22605079967386266,4
USR-094,1,0.13534465470888896,0.5466625748220172,0.3206716097560976,0.2413793103448276,0.3793103448275862,0.27586206896551724,0.8701554285540218,0.8640946463414635,0.3673410465171786,4
USR-094,2,0.26637431851807236,0.7336256814819277,0.0050383231707317065,0.3333333333333333,0.13333333333333333,0.1,0.9421265650089541,0.5823009146341463,0.2526789330229257,1
USR-094,3,0.22020365323022933,0.6604971980116052,0.1775535518292683,0.22857142857142856,0.08571428571428572,0.0,1.4058920605050236,0.6974528780487804,0.25141256719099564,7
USR-095,1,0.47410410441333906,0.525895895586661,0.0037704760273972607,0.44,0.2,0.04,1.27094207403136,0.8875427968493156,0.2711494710989965,10
USR-095,2,0.16805800551352312,0.831941994486477,0.001873815068493151,0.26666666666666666,0.06666666666666667,0.0,1.043902297904472,0.9486747397260273,0.3404458742127688,1
USR-095,3,0.13444067067240775,0.8655593293275923,0.11569564726027397,0.21428571428571427,0.07142857142857142,0.0,0.3106887040188025,0.9674202894520554,0.31316305952133916,6
USR-096,1,0.567173091439454,0.2496809200924163,0.2549525767195767,0.6896551724137931,0.41379310344827586,0.034482758620689655,0.5505019107036224,0.9955865925925925,0.17026737580300558,7
USR-096,2,0.6382105437119622,0.36178945628803777,-0.0012615132275132276,0.6923076923076923,0.3076923076923077,0.07692307692307693,2.0863555318512157,0.999735433862434,0.010955606979801634,6
USR-096,3,0.7605054327802903,0.20279423254322979,0.05319075132275133,0.6842105263157895,0.5,0.0,2.5358885032509177,0.9961309735449736,0.13637763124968455,11
USR-097,1,0.08805642470113566,0.778352770976379,0.3473781097560976,0.047619047619047616,0.2857142857142857,0.047619047619047616,1.9437241787279569,0.8953848109756098,0.30147125346494524,6
USR-097,2,0.2600272059906192,0.7399727940093808,-0.16571064024390245,0.23076923076923078,0.038461538461538464,0.038461538461538464,1.3446987767152399,0.9969521951219511,0.23780989368411734,7
USR-097,3,0.28085535427915403,0.719144645720846,-0.004366890243902439,0.2222222222222222,0.2222222222222222,0.05555555555555555,0.811002682904192,0.9246477987804879,0.28937918192310863,5
USR-098,1,0.3081979911270636,0.6918020088729365,0.1112458,0.20833333333333334,0.3333333333333333,0.125,0.5875625301615106,0.8047397575757574,0.21492280794671498,4
USR-098,2,0.44725595776023186,0.5184115564849664,-0.05277109090909091,0.23809523809523808,0.3333333333333333,0.0,0.667905110135154,0.9018788060606061,0.26875850566682524,5
USR-098,3,0.08584485661826634,0.8001452239247676,0.29207327878787875,0.21212121212121213,0.3333333333333333,0.030303030303030304,1.2364217550115784,0.7997528606060608,0.19659434827577899,7
USR-099,1,0.22435505692866492,0.7756449430713352,0.0059775987654320985,0.16,0.2,0.24,0.723304110446248,0.9459077037037037,0.23097616822459288,7
USR-099,2,0.1307405053359541,0.8230421131816671,0.05581482716049383,0.125,0.1875,0.0625,1.413659732920672,0.9741201790123456,0.261467523280074,5
USR-099,3,0.22373870553143602,0.776261294468564,-0.0018861543209876548,0.17647058823529413,0.29411764705882354,0.0,2.0691326419139524,0.872560037037037,0.2517583614173154,5
USR-100,1,0.3610071624437825,0.6389928375562175,0.0027382,0.625,0.25,0.0625,0.0,0.9972618,0.5681576042343931,1
USR-100,2,0.35515637593172794,0.5649456623333459,0.16759625614035087,0.32,0.12,0.08,1.6026477935629677,0.9984504982456138,0.26385742922123095,4
USR-100,3,0.2841605319073328,0.715839468092667,-0.0524929052631579,0.3225806451612903,0.22580645161290322,0.0967741935483871,1.111169500231302,0.7130271228070175,0.35777455802417696,4
USR-101,1,0.09860966271768871,0.9013903372823114,0.0023600142857142857,0.5,0.5,0.125,0.013765212894308779,0.9975820142857144,0.002412860168295375,4
USR-101,2,0.45993429537864633,0.5400657046213536,-0.0002699428571428572,0.6956521739130435,0.5652173913043478,0.043478260869565216,2.5615692940321426,1.0001725857142858,0.10693203112989527,5
USR-101,3,0.10925391508262197,0.8907460849173781,-0.0001305535714285715,0.5,0.5,0.25,80.3707563455574,0.9999584,0.001386316417467883,3
USR-102,1,0.11492302356367354,0.8850769764363265,0.09973538323353293,0.2,0.25,0.05,0.4212554589018479,0.9245080179640718,0.20737080541981526,5
USR-102,2,0.20464945890750622,0.7953505410924937,0.07015812574850298,0.2222222222222222,0.25925925925925924,0.1111111111111111,1.3072105352589716,0.7873612694610779,0.1493769154095395,1
USR-102,3,0.18271818088443448,0.8172818191155656,-0.16662670059880239,0.3125,0.125,0.1875,1.050295800699339,0.8083860898203593,0.31157767802210373,2
USR-103,1,0.4047309944249218,0.5952690055750781,0.01518042380952381,0.475,0.3,0.1,1.3406377781465189,1.222957380952381,0.25346070991076153,5
USR-103,2,0.08799233925448292,0.9120076607455171,-0.006581128571428571,0.05555555555555555,0.1111111111111111,0.05555555555555555,1.351315811993059,0.9188904000000001,0.3021384744400072,4
USR-103,3,0.28576551948485573,0.7142344805151442,0.26989687619047614,0.2727272727272727,0.3333333333333333,0.030303030303030304,1.8412091416048506,0.7336243857142857,0.23708552164037974,5
USR-104,1,0.9303272673495308,0.06967273265046912,0.11496365084745763,0.9047619047619048,0.3333333333333333,0.0,0.0,0.997732345762712,0.3143038107473202,1
USR-104,2,0.107854267882,0.8921457321180002,-0.1125479966101695,0.6666666666666666,0.3333333333333333,0.0,15.916004211087788,0.9998519966101693,0.5970231223022475,1
USR-104,3,0.18370881027871122,0.8162911897212886,-0.0005332711864406782,0.6470588235294118,0.47058823529411764,0.11764705882352941,8.909714145660828,1.0003269627118643,0.010429662172116121,5
USR-105,1,0.21009487860792297,0.7899051213920772,0.015379537499999998,0.14285714285714285,0.2857142857142857,0.0,0.45065007223239084,0.9486330374999999,0.21389887113863407,10
USR-105,2,0.41217700481605574,0.5878229951839444,0.02858408125,0.18181818181818182,0.09090909090909091,0.0,0.8291617513569276,0.9886008062499999,0.28660038391188153,5
USR-105,3,0.1788717112185241,0.8211282887814758,-0.0299381125,0.2,0.06666666666666667,0.0,1.0389043030912422,1.0044199125000002,0.2656042150957085,3
USR-106,1,0.4516596232509511,0.548340376749049,0.007731157232704403,0.45454545454545453,0.18181818181818182,0.13636363636363635,0.6168616888990852,0.586083312830187,0.3316180040807755,3
USR-106,2,0.21375651479998797,0.7192374091593955,0.07034605974842767,0.21052631578947367,0.21052631578947367,0.02631578947368421,1.352246973068333,0.6488528742138364,0.2620995133199454,4
USR-106,3,0.11555641018289162,0.6468713668815423,0.26752512264150946,0.19047619047619047,0.19047619047619047,0.0,1.8208711062359044,1.0090176100628931,0.27014879027674,1
USR-107,1,0.5423886552622509,0.457611344737749,0.22086911739130433,0.425,0.225,0.075,0.7201080289663323,0.9878741826086959,0.2636315488508332,5
USR-107,2,0.49899619041925725,0.3774226231094423,-0.09133776956521739,0.7083333333333334,0.2916666666666667,0.0,0.8189259547257637,1.0035545086956523,0.32956616576826714,1
USR-107,3,0.1773842750946708,0.8226157249053292,-0.0013750521739130438,0.4375,0.25,0.125,0.41336536598541007,0.9470355217391303,0.30092359337331265,6
USR-108,1,0.13516994108429167,0.33283641181870294,0.5191788438438438,0.26666666666666666,0.2,0.06666666666666667,0.4390792504049802,0.9491429073273262,0.297563844920784,4
USR-108,2,0.1794297764197012,0.3190731551211292,0.7102833723723724,0.4583333333333333,0.2916666666666667,0.125,2.364851775277604,0.9345491138738723,0.27172816946027173,7
USR-108,3,0.4830321921897635,0.5169678078102365,-0.10695036036036036,0.5555555555555556,0.2,0.06666666666666667,1.202722572845895,0.7991594294294293,0.2626294966205264,7
USR-109,1,0.6704649848714224,0.3295350151285778,0.0026935019920318725,0.8536585365853658,0.4634146341463415,0.0975609756097561,0.27902676125909603,1.2593645431474103,0.2055013108499319,7
USR-109,2,0.7035162332872511,0.19850733250781244,0.11580651792828688,0.6666666666666666,0.2962962962962963,0.037037037037037035,2.720559852672644,1.1841276414342632,0.3031078675407811,3
USR-109,3,0.3705128097084375,0.142130656343307,0.4871825577689243,0.76,0.44,0.16,2.5765240687578923,0.9994126812749005,0.06704963619430394,4
USR-110,1,0.19798007092424108,0.7516695698825127,0.13075327876106196,0.3076923076923077,0.19230769230769232,0.15384615384615385,0.9583299717994311,0.9969848539823009,0.15136892429994522,4
USR-110,2,0.5282878664029703,0.20863716473430322,0.21670387610619468,0.42857142857142855,0.2857142857142857,0.0,1.8938447900302104,0.9833313451327433,0.15221731877018269,2
USR-110,3,0.7258922631929678,0.27410773680703215,0.005730960176991151,0.47058823529411764,0.29411764705882354,0.058823529411764705,2.5042763175029528,0.9102555619469027,0.07513550448453789,4
USR-111,1,0.447600250893516,0.4918044216069577,0.06207530994152047,0.5652173913043478,0.2608695652173913,0.08695652173913043,0.6628309161396742,0.9977056900584794,0.3226620044564145,3
USR-111,2,0.5142318973615567,0.4857681026384432,0.003650461988304094,0.47058823529411764,0.11764705882352941,0.0,1.6774206781151282,0.9923499269005848,0.27638992912147387,2
USR-111,3,0.19656054573425777,0.8034394542657424,0.0014594649122807014,0.22727272727272727,0.18181818181818182,0.045454545454545456,0.9167476985447154,0.9498195877192982,0.2594033630076409,4
USR-112,1,0.16191077077617444,0.8380892292238256,0.005885016181229774,0.10526315789473684,0.15789473684210525,0.10526315789473684,1.6054493423882066,0.7671408706796118,0.3199743634458757,5
USR-112,2,0.04640379993432765,0.9535962000656724,0.009290478964401295,0.058823529411764705,0.17647058823529413,0.0,5.286564982468174,0.9349546084142394,0.07899130931085403,8
USR-112,3,0.3530974426012614,0.6469025573987386,-0.013014323624595467,0.2857142857142857,0.14285714285714285,0.09523809523809523,1.9395506632062742,0.8617226084142393,0.2656857925348465,3
USR-113,1,0.16060451490067584,0.839395485099324,0.007490678571428572,0.2,0.2,0.0,2.351070136236354,0.9120900595238095,0.3016670535391554,4
USR-113,2,0.624777259486416,0.3752227405135839,-0.003592428571428571,0.4,0.2,0.0,1.0,0.5906765680952377,0.1846271926029099,1
USR-113,3,0.1376041306882652,0.862395869311735,0.08712172023809524,0.13043478260869565,0.17391304347826086,0.043478260869565216,0.9721563967407348,0.9912864940476189,0.2854129855743423,5
USR-114,1,0.711175454912144,0.2888245450878561,0.0023914700460829492,0.6086956521739131,0.45652173913043476,0.08695652173913043,0.7582993027874233,0.9975546682027652,0.2653185634317971,6
USR-114,2,0.6162408436646964,0.3837591563353035,0.0009567603686635945,0.6896551724137931,0.2413793103448276,0.10344827586206896,1.3343508818001741,0.9970780599078342,0.27276855751613527,3
USR-114,3,0.8159419702965223,0.18405802970347782,-0.0006151474654377879,0.75,0.3888888888888889,0.08333333333333333,2.2321030586051775,1.2015115714285713,0.3000941805735812,4
USR-115,1,0.2325297207834303,0.7674702792165696,0.00345811377245509,0.7,0.5,0.1,0.0,0.9814110934131737,0.07193254593402808,2
USR-115,2,0.6114185049050068,0.38858149509499296,0.00027244910179640704,0.7142857142857143,0.2857142857142857,0.14285714285714285,0.8989190301424919,0.9997275568862277,0.2912961192401953,2
USR-115,3,0.7738104684786927,0.22618953152130702,-0.0006173413173652695,0.6470588235294118,0.23529411764705882,0.11764705882352941,30.941218150809977,0.9982525209580837,0.1294329455565439,2
USR-116,1,0.2146866857022587,0.7853133142977412,0.11362552105263157,0.32,0.32,0.08,0.4712758518309558,0.8759104789473685,0.06771486146592336,8
USR-116,2,0.2877485826213511,0.7122514173786489,-0.10414187368421053,0.42105263157894735,0.10526315789473684,0.0,0.7308027505243454,1.106643194736842,0.4096857895311529,4
USR-116,3,0.35107006920731165,0.6489299307926882,-0.002978905263157895,0.45454545454545453,0.36363636363636365,0.045454545454545456,1.0710105856329704,0.9768083684210527,0.2891688934494915,3
USR-117,1,0.2126885501185494,0.37924931217587393,0.4229359999999999,0.41379310344827586,0.3793103448275862,0.06896551724137931,0.6251373349933596,0.9775437787878787,0.29585485075160556,6
USR-117,2,0.29424824223407814,0.7057517577659219,0.0017347272727272726,0.5185185185185185,0.2962962962962963,0.07407407407407407,0.6260332739920232,0.9908754848484849,0.3262637797342809,3
USR-117,3,0.4869639108513663,0.4046607010136358,0.10674680606060606,0.4782608695652174,0.2608695652173913,0.13043478260869565,1.404953614106363,1.000691984848485,0.3413105475540129,2
USR-118,1,0.15212746771503316,0.8478725322849668,0.008033447949526814,0.2916666666666667,0.2916666666666667,0.0,0.33501169942302683,0.44112807255520503,0.30394391397432174,3
USR-118,2,0.22101051290905327,0.7789894870909466,0.015194119873817035,0.25,0.03571428571428571,0.03571428571428571,1.328458234877984,0.7603837066246057,0.23840292134987817,6
USR-118,3,0.2491298601979618,0.7508701398020381,-0.01466435331230284,0.23529411764705882,0.058823529411764705,0.08823529411764706,1.0828668777387553,0.4470950189274448,0.3093299034861698,6
USR-119,1,0.4932571314002787,0.3831235322409906,0.1262041443298969,0.4583333333333333,0.125,0.08333333333333333,1.1052179504911228,0.9868723367697596,0.1289379992642901,5
USR-119,2,0.37595812016043934,0.6240418798395607,-0.00028537800687285247,0.5217391304347826,0.34782608695652173,0.08695652173913043,0.7137106751062524,0.8041145899656363,0.4036342070444704,4
USR-119,3,0.3365003928568968,0.618680866676666,0.05905975257731959,0.3333333333333333,0.30303030303030304,0.06060606060606061,0.8376813857752022,0.8629104948453606,0.24600103544693586,5
USR-120,1,0.4743843835212088,0.3466930349019206,0.18247690340909092,0.6666666666666666,0.47619047619047616,0.0,0.06081552391342272,0.9956711420454545,0.059967938431410336,4
USR-120,2,0.1827743971163329,0.8172256028836672,-0.00029828409090909065,0.6,0.5,0.0,8724.861482803051,1.0002855397727273,0.009948634840251965,2
USR-120,3,0.8809742157440151,0.11902578425598469,-0.0007882215909090912,0.8888888888888888,0.3333333333333333,0.05555555555555555,3.4161351108689137,1.0007882159090908,0.1263527390196042,2
USR-121,1,0.13564551434943836,0.8643544856505618,0.0070230734463276835,0.19047619047619047,0.2857142857142857,0.047619047619047616,0.56730557097197,0.7352762655367232,0.24433988973700707,3
USR-121,2,0.1844650734868149,0.815534926513185,0.002998033898305085,0.3,0.0,0.2,0.9133316541206198,0.9298122856497175,0.2685194423497758,1
USR-121,3,0.18505000942021207,0.8149499905797879,0.0018157457627118638,0.11764705882352941,0.23529411764705882,0.17647058823529413,0.8684269986041451,0.9568165197740114,0.32008789237287805,2
USR-122,1,0.6020100757824718,0.3979899242175283,0.010313785388127853,0.5,0.2727272727272727,0.09090909090909091,0.04956106078516553,0.9250654794520548,0.21177278509696734,5
USR-122,2,0.32940814842139055,0.6705918515786093,-0.007018045662100456,0.4090909090909091,0.4090909090909091,0.0,1.8529311295514757,0.9921887351598174,0.27973850386334775,4
USR-122,3,0.3606295007331375,0.5373932758009136,0.2153458310502283,0.4666666666666667,0.36666666666666664,0.06666666666666667,1.7262258163721387,0.9883896621004565,0.25255869967460115,4
USR-123,1,0.23013030778607374,0.7698696922139262,0.002077171171171171,0.29411764705882354,0.058823529411764705,0.0,0.37736730117999584,0.7265306784984983,0.15526975961796521,3
USR-123,2,0.24805047460019716,0.25724559998121027,0.5940876546546547,0.2727272727272727,0.3181818181818182,0.09090909090909091,3.361971009845107,0.9714571441441442,0.2754523038466569,5
USR-123,3,0.6398540005962259,0.36014599940377423,-0.0004652432432432433,0.5151515151515151,0.3333333333333333,0.030303030303030304,0.5083997560539404,0.9655424894894895,0.3141250827751963,6
USR-124,1,0.22154401298534862,0.6099192315003603,0.20850196153846154,0.45161290322580644,0.22580645161290322,0.12903225806451613,0.5537789400806544,0.8976706089743589,0.2691800332119496,7
USR-124,2,0.4793431616795651,0.5206568383204351,0.0024493717948717952,0.4166666666666667,0.2916666666666667,0.08333333333333333,1.30425128526951,0.5780133641025641,0.2582690628042721,7
USR-124,3,0.41868923163178184,0.43996763161257063,0.14388530448717948,0.41379310344827586,0.2413793103448276,0.13793103448275862,2.092965327211135,1.043316687307692,0.17553883030248765,3
USR-125,1,0.7969381900068131,0.13196389155960045,0.0739178785046729,0.7692307692307693,0.2692307692307692,0.07692307692307693,0.16790441453050872,0.9969642009345795,0.11458551834905321,3
USR-125,2,0.5476311359071957,0.45236886409280436,0.0011554018691588787,0.47058823529411764,0.23529411764705882,0.058823529411764705,2.857491442456908,0.9951393738317759,0.3045972444535869,2
USR-125,3,0.20803425548042145,0.7919657445195786,0.013500640186915889,0.35294117647058826,0.29411764705882354,0.0,2.0332742820621403,0.9810088037383177,0.2010594658432291,4
USR-126,1,0.2755717274780943,0.7244282725219057,0.002430031007751938,0.42857142857142855,0.2857142857142857,0.047619047619047616,0.3288258982556547,0.8800691683720927,0.288812412066209,1
USR-126,2,0.11873900679380012,0.8812609932062001,0.09062473255813953,0.19047619047619047,0.3333333333333333,0.047619047619047616,0.45293919364555446,1.0002786124031007,0.3006002393893426,7
USR-126,3,0.18966529761404857,0.5436427443408631,0.19995717441860464,0.19047619047619047,0.19047619047619047,0.0,4.519292599635167,0.8296697868217053,0.19164465664737898,3
USR-127,1,0.9045285453429495,0.09547145465705076,0.0027393702127659577,0.7368421052631579,0.3157894736842105,0.0,0.03966642270292999,0.9942056808510639,0.1541297771515499,3
USR-127,2,0.08830455951679708,0.9116954404832032,-0.0003694468085106386,0.23076923076923078,0.3076923076923077,0.0,66.29004846008507,0.9991134553191487,0.0008881170902752247,2
USR-127,3,0.6214857848583619,0.3785142151416381,0.00026319574468085114,0.7333333333333333,0.4,0.0,13.374556520076315,0.7264792507234059,0.08327963956663685,2
USR-128,1,0.7666028162202946,0.21507322709660395,0.02464221658986175,0.8,0.37142857142857144,0.08571428571428572,0.6882913313288489,1.1821253041474655,0.2238891577405677,6
USR-128,2,0.7919053355772511,0.20809466442274893,0.00045349308755760365,0.8,0.36,0.12,6.993982442403376,0.9980955576036868,0.020650305199966076,6
USR-128,3,0.670067724360037,0.1723074644913512,0.161366732718894,0.6551724137931034,0.3448275862068966,0.13793103448275862,1.6071596555410175,1.000451400921659,0.31426296995634795,3
USR-129,1,0.2558608796789901,0.7269564783000328,0.027459646048109968,0.18181818181818182,0.22727272727272727,0.0,0.7703621770900426,0.9177575243986257,0.1949409961524821,7
USR-129,2,0.19826591208800867,0.6775561670554219,0.12185599656357389,0.25925925925925924,0.2222222222222222,0.07407407407407407,1.4593408152811933,0.6540444054982819,0.30868020302379173,4
USR-129,3,0.17856578502472337,0.8214342149752767,0.008935632302405499,0.2608695652173913,0.21739130434782608,0.043478260869565216,0.5134770038930264,0.9897845704467354,0.30551107480206896,8
USR-130,1,0.758029421462844,0.11958263666343627,0.13307971710526317,0.7586206896551724,0.5517241379310345,0.0,0.14547382874355744,0.9964941907894737,0.19481435292085852,6
USR-130,2,0.606661858749035,0.2528947269784115,0.18615763157894735,0.5882352941176471,0.11764705882352941,0.058823529411764705,1.2956789792255796,1.1075480921052632,0.07923476588454433,3
USR-130,3,0.21316676959548678,0.7868332304045134,-0.016681559210526314,0.21428571428571427,0.07142857142857142,0.0,1.5669546696686167,1.0095363486842106,0.328286265180203,1
USR-131,1,0.3543753243496743,0.5358121697206387,0.12450391717791412,0.5675675675675675,0.2702702702702703,0.10810810810810811,0.4701018150137648,1.1182717791411043,0.4640397067236722,2
USR-131,2,0.5952943299346347,0.2512195752335072,0.15395936196319018,0.8148148148148148,0.2222222222222222,0.1111111111111111,1.1043168280183897,0.9994409294478527,0.4749714782089674,2
USR-131,3,0.6624482909936412,0.3375517090063588,9.705214723926362e-05,0.7666666666666667,0.2,0.06666666666666667,1.3428167903380732,0.9975653466257669,0.3158531367232497,1
USR-132,1,0.16329958553608578,0.8367004144639142,0.011560975409836066,0.25,0.25,0.0625,1.0954972720271614,0.9932287581967213,0.24390668714536806,3
USR-132,2,0.43577828384539397,0.5642217161546063,0.00024159426229508263,0.45454545454545453,0.09090909090909091,0.18181818181818182,0.7919648877798453,0.8128335327868853,0.28310925391021746,3
USR-132,3,0.3642659625330032,0.6357340374669969,0.0028491106557377043,0.19047619047619047,0.09523809523809523,0.0,1.1544348734184695,0.9528159954918032,0.3352256465993298,3
USR-133,1,0.0845732731889437,0.9154267268110562,0.0038958230769230765,0.4,0.4,0.0,0.0,0.9978422884615386,0.1100667321584843,1
USR-133,2,0.42654479812505697,0.4958991737163419,0.07894013461538461,0.48148148148148145,0.2962962962962963,0.037037037037037035,1.112134365088612,0.9419130615384613,0.229410783590048,5
USR-133,3,0.08788790967938603,0.9121120903206142,-0.00015065769230769197,0.16666666666666666,0.2222222222222222,0.0,4.370410645620972,0.9788735153846154,0.06769548285687443,5
USR-134,1,0.5365481665727159,0.4634518334272842,0.02519317695473251,0.7419354838709677,0.41935483870967744,0.03225806451612903,0.9194328262490995,0.9977566131687242,0.23791059299500797,2
USR-134,2,0.7925449819897533,0.20745501801024657,-0.022792041152263375,0.8666666666666667,0.4666666666666667,0.06666666666666667,84.71258181591324,0.8613685615637835,0.06045217663051177,2
USR-134,3,0.7670493511857231,0.23295064881427685,0.00040510288065843605,0.6666666666666666,0.3333333333333333,0.06666666666666667,0.5910209864996335,0.9995948971193416,0.4206727698139744,3
USR-135,1,0.37149655273341425,0.6285034472665857,0.0034824334975369457,0.3125,0.1875,0.0625,1.134882346685264,0.7416277361576352,0.33246844811567644,3
USR-135,2,0.20099712797551345,0.7990028720244866,0.0003650738916256155,0.1,0.2,0.05,3.0352021392144484,1.197944315270936,0.24420409384051037,3
USR-135,3,0.25143894087200236,0.7485610591279976,0.014717305418719212,0.3076923076923077,0.07692307692307693,0.07692307692307693,0.8714226004464235,0.9852826995073892,0.2861499059242871,1
USR-136,1,0.2648985241413642,0.7351014758586358,0.00662425,0.2727272727272727,0.36363636363636365,0.045454545454545456,0.029843123977118927,0.9773884147727272,0.2546479443352684,7
USR-136,2,0.2074740758114824,0.7925259241885175,-0.0032503636363636367,0.45454545454545453,0.36363636363636365,0.09090909090909091,45.06958098582201,1.0015385795454546,0.052966339070843964,3
USR-136,3,0.34547147696367486,0.4980226792762408,0.15985472159090908,0.36363636363636365,0.0,0.0,0.6744973717648555,0.9436265677272697,0.2677701525027563,3
USR-137,1,0.20932898496749297,0.6907427435749796,0.09616867716535434,0.2,0.36,0.12,0.9219023445658963,0.7794724642519665,0.2549388526439226,7
USR-137,2,0.15094465866476098,0.6344239024924799,0.20079852362204725,0.2608695652173913,0.2608695652173913,0.21739130434782608,1.254779011448624,0.821857277874016,0.2353672119856334,2
USR-137,3,0.1305719447511904,0.8694280552488094,0.0016775708661417319,0.2,0.0,0.13333333333333333,0.6297963066161675,0.937354503937008,0.3414513602639449,3
USR-138,1,0.5392091032015766,0.46079089679842355,0.0028751428571428574,0.56,0.36,0.08,0.2499022055858963,0.9969195952380951,0.38236012548034115,2
USR-138,2,0.7213596060031794,0.27864039399682045,-0.00029553333333333327,0.5555555555555556,0.3888888888888889,0.0,3.9673004602834947,0.9974459000000001,0.15095662333201212,4
USR-138,3,0.6384775343640494,0.3615224656359506,9.87904761904762e-05,0.7407407407407407,0.37037037037037035,0.07407407407407407,0.5509393278417444,0.9999012142857142,0.3298281622751416,2
USR-139,1,0.41848972974449017,0.5815102702555098,0.003162148717948718,0.4117647058823529,0.17647058823529413,0.058823529411764705,0.0,0.9957814923076924,0.06485955311260454,3
USR-139,2,0.16135556941133833,0.8386444305886618,0.011280169230769231,0.25,0.25,0.0,3.575040375775119,0.8579471487179489,0.191794227771683,4
USR-139,3,0.09431791363907009,0.18494911244307835,0.717574558974359,0.14285714285714285,0.14285714285714285,0.0,0.31557607934680115,1.002712917948718,0.4696722110400509,2
USR-140,1,0.3997821153965112,0.3337308541634762,0.27421205621301775,0.5416666666666666,0.08333333333333333,0.08333333333333333,1.8016865440426566,0.9577125177514793,0.30555566881142254,2
USR-140,2,0.46698668607044924,0.5330133139295508,-0.0082013224852071,0.4782608695652174,0.17391304347826086,0.043478260869565216,0.8325711713190375,1.0047029289940828,0.26601497014782066,2
USR-140,3,0.5024624406432981,0.49753755935670185,0.00011165976331360942,0.5416666666666666,0.16666666666666666,0.0,1.5664341724433166,0.8965448816568047,0.3225124920430237,3
USR-141,1,0.19634725710910966,0.8036527428908903,0.008650196078431373,0.2222222222222222,0.14814814814814814,0.037037037037037035,0.7995663383416345,0.9489094431372549,0.2784294003443428,6
USR-141,2,0.33097324127481237,0.6690267587251878,-0.0013107725490196084,0.17647058823529413,0.23529411764705882,0.0,1.885121686496652,0.9908842078431372,0.1641339305405131,4
USR-141,3,0.0726132689013676,0.9273867310986326,-0.0045157999999999995,0.058823529411764705,0.17647058823529413,0.058823529411764705,0.467845198638378,0.7976348549019608,0.2837428257124731,4
USR-142,1,0.2661913345366241,0.7338086654633759,0.010064723004694836,0.3333333333333333,0.3333333333333333,0.06666666666666667,0.8745203735952106,0.9887993427230047,0.25524119994542493,3
USR-142,2,0.141795341516031,0.5530502600124411,0.3014350563380282,0.3333333333333333,0.3333333333333333,0.05555555555555555,1.7473921968436488,1.0027008403755868,0.40471238185334235,3
USR-142,3,0.3741534807100797,0.4082274386151753,0.22226567136150238,0.4166666666666667,0.25,0.041666666666666664,1.4707522811110518,0.9537095586854458,0.266567000509699,4
USR-143,1,0.4986738079191038,0.5013261920808959,0.0018054559270516716,0.75,0.2916666666666667,0.0,0.0,0.9211127839513661,0.20521173429488754,3
USR-143,2,0.8252612882604092,0.17473871173959063,-8.994224924012153e-05,0.8888888888888888,0.14814814814814814,0.07407407407407407,0.9358065443942186,0.7962543826747721,0.4470693116257505,1
USR-143,3,0.5208990987808934,0.41918632869902545,0.07232178723404255,0.5588235294117647,0.3235294117647059,0.029411764705882353,2.2192162811018252,0.9994000729483283,0.21479522808175025,4
USR-144,1,0.12014351857681256,0.8798564814231874,0.07120012578616353,0.2857142857142857,0.2857142857142857,0.14285714285714285,0.0,0.9854036415094339,0.028240790851237617,2
USR-144,2,0.17144231885928904,0.8285576811407109,-0.05470324528301887,0.36363636363636365,0.36363636363636365,0.09090909090909091,6.320264528287836,0.9803679245283019,0.040838406905485666,4
USR-144,3,0.6257319915153996,0.3742680084846006,-0.012895377358490567,0.5,0.0,0.0,2.7969312240784396,1.0128953710691824,0.33455171044413784,2
USR-145,1,0.4084202537965408,0.5297385862096088,0.07307597378277154,0.2857142857142857,0.14285714285714285,0.0,0.4361612965712604,0.903786786516854,0.267004087183032,4
USR-145,2,0.3984928183252609,0.6015071816747392,-0.006175902621722845,0.3,0.2,0.05,2.8108468113144895,0.9375581947565542,0.31117850129434915,5
USR-145,3,0.31557187775730144,0.564518450928208,0.13726613857677902,0.43478260869565216,0.08695652173913043,0.08695652173913043,1.13315537242324,0.994076711610487,0.2754843243010616,2
USR-146,1,0.5876823630791033,0.3086135830053771,0.16069573557692307,0.7419354838709677,0.3548387096774194,0.06451612903225806,0.6712358476737182,0.9971471201923077,0.18407435134216754,6
USR-146,2,0.33136929261941817,0.668630707380582,0.006967750000000001,0.35,0.15,0.15,0.8676080599131434,0.9203538461538461,0.27145506957329,3
USR-146,3,0.20812748038604525,0.7918725196139548,-0.006603177884615385,0.15,0.2,0.0,2.7582167644510283,1.0063833942307694,0.2557962069159289,4
USR-147,1,0.5728278000379253,0.4271721999620745,0.005506301507537689,0.5,0.13636363636363635,0.13636363636363635,0.829593100002776,0.9746764673366834,0.2410813196522169,3
USR-147,2,0.377899498950316,0.6221005010496838,-0.0004925477386934674,0.39285714285714285,0.32142857142857145,0.07142857142857142,1.3978104483294898,0.978816015075377,0.16941800060521364,6
USR-147,3,0.35132241600443165,0.5645053894133625,0.0821430703517588,0.38095238095238093,0.2857142857142857,0.047619047619047616,0.5093166783357931,0.9556861457286433,0.27605438025160395,3
USR-148,1,0.7118873689221862,0.2881126310778138,0.014877562874251496,0.5714285714285714,0.21428571428571427,0.0,0.03883957138978127,0.982187988023952,0.4143379942973358,2
USR-148,2,0.27405510162241215,0.6088320673868708,0.1617817904191617,0.4230769230769231,0.2692307692307692,0.07692307692307693,1.3177502103071943,0.8861951736526946,0.22503693072630415,6
USR-148,3,0.4926881588026566,0.5073118411973435,-0.012468916167664672,0.5625,0.125,0.125,0.3841062416114826,1.009342137724551,0.34569212374789715,2
USR-149,1,0.46835374080724906,0.4237024376225188,0.11340281428571429,0.5357142857142857,0.25,0.14285714285714285,1.7457888662230143,0.8941112392857142,0.3327408901157029,5
USR-149,2,0.23772780523656675,0.4710784966462103,0.2897928928571428,0.2962962962962963,0.14814814814814814,0.037037037037037035,1.3641416233154455,0.8846778321428572,0.24893014092677132,6
USR-149,3,0.08776704872780879,0.9122329512721912,-0.0010265178571428571,0.3,0.5,0.0,20.21043063274597,1.0010265142857142,0.018110584018669832,4
USR-150,1,0.11872304335545605,0.8812769566445442,0.011443059233449479,0.25,0.08333333333333333,0.08333333333333333,0.4922665733948575,0.939965738536585,0.05211958955863597,6
USR-150,2,0.3493453147265735,0.232699886198651,0.41871195470383277,0.4,0.26666666666666666,0.06666666666666667,14.092269249490657,0.9930753449477353,0.2582847879995213,3
USR-150,3,0.37968056794293636,0.5576906897769991,0.05237090243902439,0.23809523809523808,0.19047619047619047,0.0,1.517995699163353,0.9601659616724739,0.13606866243627458,6
USR-151,1,0.2404739479243409,0.5955545269033337,0.16808756424581006,0.2,0.26666666666666666,0.06666666666666667,0.0,0.9865845027932961,0.21040066933832383,4
USR-151,2,0.3350604728392154,0.6649395271607845,0.009054223463687151,0.36363636363636365,0.13636363636363635,0.045454545454545456,1.6833528330897591,0.9660164301675978,0.12330570387786144,2
USR-151,3,0.34108913557990567,0.6589108644200942,-0.0042698044692737434,0.4,0.16,0.0,1.4185259796922969,1.4435795586592177,0.1302166225490343,5
USR-152,1,0.49929391681271035,0.4235519980207416,0.07934376036866359,0.6785714285714286,0.39285714285714285,0.0,0.1352721773460686,0.9976272580645159,0.29225639082371213,3
USR-152,2,0.37812454502115417,0.6218754549788458,0.006263400921658986,0.5428571428571428,0.2857142857142857,0.0,1.0635957451853904,0.9806326405529954,0.2921043832914656,4
USR-152,3,0.23381451996920116,0.7661854800307987,0.029253230414746544,0.1590909090909091,0.29545454545454547,0.022727272727272728,1.546792916528133,0.6903431290322581,0.23977463581328265,8
USR-153,1,0.5257337945581514,0.4742662054418488,0.2098081992337165,0.5,0.275,0.05,1.0198205648176593,0.9836514176245211,0.19866234085158727,6
USR-153,2,0.39314856984569246,0.6068514301543079,-0.20396584674329502,0.45,0.3,0.1,1.815825880934696,0.9590235592337161,0.29553738998941614,4
USR-153,3,0.5572100639213118,0.44143205487180237,0.009893195402298851,0.3684210526315789,0.05263157894736842,0.21052631578947367,1.2241671999725614,0.989083233716475,0.2317910053638183,3
USR-154,1,0.14821105922732555,0.8517889407726745,0.008412182608695652,0.18181818181818182,0.18181818181818182,0.0,0.02338279475565709,0.9961455782608696,0.29348278108824405,4
USR-154,2,0.3622434039731198,0.6377565960268803,0.18260005217391304,0.3333333333333333,0.0,0.06666666666666667,1.0415211576725023,1.001516108695652,0.22970471697488556,0
USR-154,3,0.6051234510478323,0.3948765489521679,-0.18646347826086956,0.5,0.2222222222222222,0.0,1.9953114165203223,1.0010528434782608,0.055069265373762284,4
USR-155,1,0.5740294833224527,0.3168972542008019,0.13872861785714286,0.6976744186046512,0.3023255813953488,0.09302325581395349,0.579601816514279,0.9970295892857143,0.33149386820847265,3
USR-155,2,0.5594467077260961,0.44055329227390405,-0.015346639285714284,0.5625,0.28125,0.09375,0.6618344242975477,0.9999115464285716,0.24982876972627913,3
USR-155,3,0.6065035004440241,0.2834341530238591,0.13093704642857143,0.74,0.44,0.02,1.972563468507087,0.9991748071428573,0.30363894793799934,8
USR-156,1,0.7531623963847383,0.19382994314487578,0.059527558922558926,0.717948717948718,0.41025641025641024,0.07692307692307693,0.6413485633955267,0.9970980168350168,0.28164329786604037,3
USR-156,2,0.64083187085979,0.28033159290002524,0.07859719528619528,0.627906976744186,0.32558139534883723,0.046511627906976744,1.7975917575580431,0.9993501548821548,0.21686283832519018,4
USR-156,3,0.5252553523588674,0.38384774855801623,0.09063888215488215,0.6153846153846154,0.23076923076923078,0.0,1.8596876428251496,0.9999453198653198,0.22876254958609682,2
USR-157,1,0.3590738498390994,0.6409261501609007,0.016055480362537764,0.42857142857142855,0.25,0.10714285714285714,0.7659807436801537,0.9481692354078533,0.29538441148194905,5
USR-157,2,0.1914563158058979,0.7053800241403676,0.12798458610271904,0.16,0.12,0.04,0.36788812171052154,1.0176695498489425,0.296259466087889,5
USR-157,3,0.059957239793686175,0.827909008010415,0.1700140422960725,0.08108108108108109,0.10810810810810811,0.10810810810810811,0.8583632894474205,0.9050271510574018,0.29188037411876677,8
USR-158,1,0.15437547233984059,0.8456245276601594,0.035853508710801396,0.10344827586206896,0.1724137931034483,0.0,2.0707642238179256,0.7000599303135888,0.24731459301748662,6
USR-158,2,0.16404829307295185,0.524945036682338,0.28963829965156795,0.23809523809523808,0.09523809523809523,0.14285714285714285,2.164907639236071,0.9599819337979092,0.3133486971676763,3
USR-158,3,0.17192342484362796,0.828076575156372,0.007635508710801393,0.20833333333333334,0.16666666666666666,0.0,0.7193503347678746,0.8125096655052264,0.3083928375999682,6
USR-159,1,0.04849180134645308,0.9077325665163148,0.05787912684365781,0.1111111111111111,0.3333333333333333,0.0,0.30014502228494044,0.9859347138643066,0.04042599829451596,5
USR-159,2,0.07060294711247848,0.9293970528875214,-0.0068327522123893805,0.1,0.25,0.0,0.4076717676913814,0.8926911326253685,0.3142345762937339,7
USR-159,3,0.39588254025707953,0.6041174597429203,0.0012427463126843657,0.34782608695652173,0.17391304347826086,0.043478260869565216,1.1184777225988771,0.9700539911504426,0.321250409991736,5
USR-160,1,0.1650876500020324,0.7501428901535063,0.16751004938271605,0.1875,0.1875,0.03125,0.5507593918117688,0.995218106995885,0.14066578655709572,6
USR-160,2,0.10166188792916579,0.898338112070834,-0.03627618518518519,0.125,0.1875,0.0,1.1529973863395133,1.0224275308641975,0.2790936446008978,5
USR-160,3,0.09094269356251584,0.9090573064374844,0.011521860082304528,0.14285714285714285,0.21428571428571427,0.07142857142857142,3.631067812353135,0.9149873456790123,0.10145786966799947,5
USR-161,1,0.13837702043290753,0.6248053295971007,0.3223351875,0.26666666666666666,0.13333333333333333,0.03333333333333333,0.6978477066020705,0.9551546968749998,0.16350410436430937,6
USR-161,2,0.05089299498957126,0.9491070050104287,-0.040359968749999996,0.18181818181818182,0.2727272727272727,0.0,3.0213594968335435,1.0248706875,0.04163174642091328,6
USR-161,3,0.2838906801926042,0.4988674343463064,0.21045580000000003,0.3076923076923077,0.19230769230769232,0.0,1.3445047698831987,0.982492478125,0.10385316347589403,4
USR-162,1,0.5984671945438185,0.40153280545618164,0.0021009028213166145,0.6842105263157895,0.2631578947368421,0.15789473684210525,0.08045193283497107,0.9980310846394983,0.015375989188137311,5
USR-162,2,0.32715048619813275,0.4948266594896089,0.17759730721003136,0.5714285714285714,0.42857142857142855,0.09523809523809523,0.5990938462700299,1.0005177115987463,0.47631933415494077,2
USR-162,3,0.7892347019509306,0.2107652980490694,0.04359214106583072,0.8076923076923077,0.3076923076923077,0.11538461538461539,1.8733491644263518,0.8605455671473369,0.039115241462012056,5
USR-163,1,0.13890459363189223,0.8610954063681078,0.023273862831858408,0.13793103448275862,0.3103448275862069,0.13793103448275862,1.4206146281419585,0.4330104646017699,0.2883424045375074,8
USR-163,2,0.6178268526076761,0.38217314739232383,-0.017112800884955752,0.375,0.125,0.0,0.9515061516382309,0.9374043053097345,0.3184908609661612,3
USR-163,3,0.33230195430591647,0.6676980456940833,-0.002462,0.2857142857142857,0.14285714285714285,0.0,9.742318916558073,0.5041684975663725,0.033738791268267766,3
USR-164,1,0.23261361153526702,0.5690394756662073,0.20652822047244093,0.3333333333333333,0.16666666666666666,0.0,1.0174787408592922,0.9695767322834649,0.2400107113578618,3
USR-164,2,0.41663274481865037,0.5833672551813498,0.0034957913385826778,0.43333333333333335,0.23333333333333334,0.03333333333333333,0.867876323475092,0.8990721496062993,0.2774987830819812,5
USR-164,3,0.5062231740624111,0.49377682593758876,-0.011644496062992126,0.5652173913043478,0.17391304347826086,0.0,1.3430100534523002,1.0065949566929135,0.35037143488917305,3
USR-165,1,0.22768901213226045,0.7723109878677397,0.002943631111111111,0.2692307692307692,0.15384615384615385,0.07692307692307693,1.0838039550477256,0.8590724558222221,0.2160255514785775,7
USR-165,2,0.09936584675774962,0.9006341532422504,0.00019480888888888875,0.16666666666666666,0.20833333333333334,0.08333333333333333,0.9086314410935212,0.8225843333333333,0.3839806082938296,2
USR-165,3,0.17418416764952926,0.825815832350471,0.019472044444444444,0.21428571428571427,0.07142857142857142,0.0,0.4404328659346057,0.9801532044444444,0.3568989090148592,4
USR-166,1,0.08479157858200118,0.9152084214179989,0.006775591439688716,0.10526315789473684,0.2631578947368421,0.21052631578947367,1.508002277102908,0.9307665330739301,0.30681921176945376,6
USR-166,2,0.24676795728056292,0.753232042719437,0.003931287937743191,0.16,0.24,0.08,1.2939527690690094,1.1373670038910506,0.2634965538905974,4
USR-166,3,0.12387966010747638,0.8761203398925235,0.023636011673151748,0.16666666666666666,0.041666666666666664,0.08333333333333333,1.1409413757836044,0.9897455680933852,0.25729781371604726,5
USR-167,1,0.13256733110022653,0.8674326688997734,0.011661699690402478,0.23076923076923078,0.23076923076923078,0.07692307692307693,0.8821955492061229,0.8744557213622289,0.31408113015965317,4
USR-167,2,0.1463343004434971,0.8536656995565028,0.13569624148606813,0.16666666666666666,0.06666666666666667,0.06666666666666667,1.5897364027346075,0.9433566965944273,0.20430246820223488,8
USR-167,3,0.22749640804353694,0.7725035919564632,-0.14424272136222913,0.2962962962962963,0.2222222222222222,0.07407407407407407,1.0935092037712701,0.8570029938080496,0.32038119835424106,4
USR-168,1,0.25393261758671654,0.746067382413284,0.010858521172638438,0.2727272727272727,0.18181818181818182,0.0,0.5439375093954893,0.9248593094462539,0.27029413453327733,4
USR-168,2,0.19014016324345348,0.721170556959148,0.09970831270358305,0.2647058823529412,0.17647058823529413,0.0,1.0632047196319154,0.4463219511400652,0.25905179326691347,8
USR-168,3,0.18514682665301424,0.7123711701901223,0.10814134853420196,0.3125,0.28125,0.125,1.4672482062473604,0.696152351791531,0.2832559589944576,5
USR-169,1,0.5356442981848145,0.3661262234436196,0.13641915862068965,0.627906976744186,0.2558139534883721,0.06976744186046512,0.21680446444835655,0.9962264931034481,0.20900619885646352,6
USR-169,2,0.6423693889832446,0.3044036943488919,0.05299394482758621,0.75,0.375,0.041666666666666664,1.2615707785728223,1.0002460620689655,0.3502356996173984,2
USR-169,3,0.7470339075778188,0.25296609242218104,0.0008629931034482759,0.75,0.32142857142857145,0.0,1.658247957043693,0.9993288482758621,0.4101163761362828,2
USR-170,1,0.4052899969540711,0.594710003045929,0.011747231527093597,0.3181818181818182,0.22727272727272727,0.045454545454545456,1.3965703637841154,0.9235423940886699,0.285053731031799,5
USR-170,2,0.4904019723413574,0.5095980276586424,-0.004388709359605912,0.5384615384615384,0.3076923076923077,0.0,2.588922454585402,0.6172046868965515,0.3699742976908815,3
USR-170,3,0.24704217619558735,0.7529578238044127,-0.004115773399014778,0.1875,0.1875,0.0625,1.6287758322940387,0.9922872266009852,0.32281917346547684,3
USR-171,1,0.07816771096568809,0.9218322890343116,0.004519570491803279,0.13333333333333333,0.26666666666666666,0.06666666666666667,0.17716865023079473,0.8854225573770494,0.09068216657760501,5
USR-171,2,0.4267638770942128,0.5160575522637995,0.06495773442622951,0.2777777777777778,0.16666666666666666,0.2222222222222222,2.2974844185782795,0.9413339114754099,0.2450465681729063,4
USR-171,3,0.1055498955050864,0.8944501044949137,0.13755079672131149,0.16666666666666666,0.08333333333333333,0.08333333333333333,0.20707157906749388,0.9682628784262276,0.5091221961878961,0
USR-172,1,0.29549934366635994,0.6307622395057767,0.08065655893536122,0.32,0.24,0.04,0.19750373816197894,0.9312219201520913,0.20359459551402334,8
USR-172,2,0.562591083268894,0.4374089167311062,-0.0003362129277566532,0.5,0.15,0.05,1.4661835314400857,0.9597127805323203,0.3319173128589106,2
USR-172,3,0.32306603724229466,0.19542888871059844,0.47820982129277567,0.4444444444444444,0.2222222222222222,0.0,0.6575630845258171,0.9073750403041826,0.338964979128737,4
USR-173,1,0.7453994345959755,0.2546005654040246,0.002565335714285714,0.5555555555555556,0.2962962962962963,0.037037037037037035,1.9497156778837885,0.979239967857143,0.36636825997910033,4
USR-173,2,0.20020783405347006,0.7502102657874113,0.050678353571428573,0.32,0.12,0.0,1.8829901456176272,0.9421729178571429,0.11538559931774316,5
USR-173,3,0.3613708143672298,0.5646624708768443,0.06929354285714286,0.3684210526315789,0.15789473684210525,0.05263157894736842,1.050396638863584,0.9546830913571429,0.46460537374754335,2
USR-174,1,0.35443875614911396,0.37469632917941365,0.3691515887573964,0.5517241379310345,0.3448275862068966,0.10344827586206896,0.7021687108996207,0.996772349112426,0.06870611696572954,9
USR-174,2,0.5106858138616139,0.41279956627764014,0.07694649112426036,0.7,0.3,0.2,0.8147834317706,0.9995323431952662,0.3107386758289486,2
USR-174,3,0.34015014819981787,0.26606386165748563,0.39383486686390534,0.7083333333333334,0.2916666666666667,0.041666666666666664,0.27658587928036793,0.999919378698225,0.46245429978769653,2
USR-175,1,0.45412203802128837,0.5458779619787115,0.0027433783783783784,0.28,0.12,0.08,1.0453051931426252,0.9241312657657659,0.26322524825837434,6
USR-175,2,0.06914296873872816,0.930857031261272,0.003177297297297297,0.15384615384615385,0.3076923076923077,0.07692307692307693,0.23884953819142882,0.9866450585585584,0.2502762941002502,8
USR-175,3,0.20678824871275386,0.7932117512872462,0.010795130630630628,0.2222222222222222,0.14814814814814814,0.07407407407407407,1.4556192353256137,0.6202829414414414,0.2989299195010755,2
USR-176,1,0.37991609955490185,0.5196224250793683,0.16621070129870127,0.46938775510204084,0.32653061224489793,0.061224489795918366,0.7751169729360404,0.977078012987013,0.19678890975699026,9
USR-176,2,0.6354626937917262,0.36453730620827407,0.00387553896103896,0.42105263157894735,0.21052631578947367,0.05263157894736842,1.1183847075043312,0.7899698647077921,0.3236781480470047,1
USR-176,3,0.1831217683295346,0.8168782316704652,-0.001357081168831168,0.16,0.12,0.12,2.0832423238265734,0.705050262987013,0.22357512451255424,5
USR-177,1,0.6832205214684738,0.31677947853152605,0.0021528070175438597,0.7714285714285715,0.34285714285714286,0.05714285714285714,0.6353305879047557,0.9956153187134504,0.22305823796001398,4
USR-177,2,0.49336584687327834,0.46050672470227366,0.04547467251461988,0.6666666666666666,0.3939393939393939,0.09090909090909091,1.0712696575663005,0.9952639444444447,0.27645447077360297,5
USR-177,3,0.6145974160306935,0.3854025839693064,0.0003607865497076022,0.8857142857142857,0.4,0.02857142857142857,0.6432203264992377,0.9103999828070161,0.36837450480263473,3
USR-178,1,0.8349536505111367,0.16504634948886338,0.0030256570048309175,0.7272727272727273,0.36363636363636365,0.09090909090909091,0.05747605685348599,0.9957651690821256,0.28564015438268325,2
USR-178,2,0.3988479795759017,0.5278869979440921,0.11877534782608695,0.5714285714285714,0.14285714285714285,0.10714285714285714,0.778082370060877,1.5101695024154589,0.24942023550283848,5
USR-178,3,0.2416482793503519,0.7583517206496482,0.0024432560386473436,0.23809523809523808,0.19047619047619047,0.19047619047619047,0.802984310460847,0.7964957198067634,0.2602406268618484,4
USR-179,1,0.47016188567595596,0.529838114324044,0.0042769875776397515,0.5909090909090909,0.3181818181818182,0.09090909090909091,0.0,0.9957230062111802,0.25334312542816206,2
USR-179,2,0.6441751833157044,0.35582481668429544,0.0008227453416149068,0.6904761904761905,0.2857142857142857,0.07142857142857142,1.0872121528621304,1.2771613498757763,0.23493703497068133,6
USR-179,3,0.3711215529609602,0.6288784470390397,-0.0010849999999999996,0.5882352941176471,0.4117647058823529,0.029411764705882353,1.8379980399430935,0.999822695652174,0.06772692634543871,8
USR-180,1,0.7326407849285004,0.26735921507149957,0.0017384771241830065,0.7307692307692307,0.23076923076923078,0.038461538461538464,0.027016602641471522,0.9823050272222221,0.3421878520025737,3
USR-180,2,0.5681428811200336,0.3020175434490888,0.12996008169934642,0.7241379310344828,0.27586206896551724,0.034482758620689655,1.8283423067946352,0.9991967679738565,0.2211630161652996,3
USR-180,3,0.37602706716802786,0.5522912037646808,0.0672226862745098,0.6190476190476191,0.23809523809523808,0.047619047619047616,0.5921438376189917,0.9366711827450963,0.28182466408451096,2
USR-181,1,0.160700098721214,0.6539701807415345,0.18682885530546622,0.25925925925925924,0.2222222222222222,0.0,0.6066809827021972,0.6682525530546625,0.24193578074581915,6
USR-181,2,0.28662844048612557,0.7133715595138744,0.0011423054662379423,0.20689655172413793,0.13793103448275862,0.034482758620689655,2.1951828388788637,0.6567011557877819,0.22350555794048052,5
USR-181,3,0.08367984144200138,0.9163201585579986,0.00754852733118971,0.2,0.3,0.0,0.4379687420389147,0.331614463022508,0.41175357106248645,4
USR-182,1,0.540068344665755,0.45993165533424507,0.0021899634146341465,0.4,0.28,0.0,0.11634264895179573,0.9812689329268292,0.23562192831955678,6
USR-182,2,0.4907764687332947,0.38844837428459905,0.12090673475609755,0.4827586206896552,0.1724137931034483,0.10344827586206896,1.8680169064704102,0.9209321768292684,0.2667807476668285,2
USR-182,3,0.20389608772698486,0.5478732183140407,0.25424546341463417,0.34615384615384615,0.15384615384615385,0.038461538461538464,1.0230973590900303,0.9066432012195121,0.24853809342131156,5
USR-183,1,0.436193826497504,0.46946630994740884,0.14830662264150943,0.46153846153846156,0.3076923076923077,0.07692307692307693,0.48896300385823493,0.9974276037735851,0.2616936359452541,4
USR-183,2,0.6193321166932311,0.3634968333640274,0.001992783018867923,0.7358490566037735,0.32075471698113206,0.09433962264150944,1.3021129482947953,1.3211531226415094,0.16155401973108094,9
USR-183,3,0.48939399077286744,0.5106060092271324,0.07120293396226415,0.5263157894736842,0.2631578947368421,0.05263157894736842,1.0,0.999312886792453,0.0,1
USR-184,1,0.7351600814200943,0.26483991857990563,0.0034905364238410597,0.6470588235294118,0.35294117647058826,0.17647058823529413,0.08459045517296036,0.9950355298013245,0.005874607361215509,4
USR-184,2,0.4209048456451874,0.5790951543548127,0.0003037549668874173,0.6956521739130435,0.43478260869565216,0.17391304347826086,3.7363147867473763,0.9960036291390728,0.12741604305707516,3
USR-184,3,0.5930192725938335,0.2460799883276377,0.21776501324503314,0.56,0.4,0.08,2.0008929042618826,1.0000213509933775,0.041136064199494,8
USR-185,1,0.5053975423189263,0.2972653485635715,0.1993881553398058,0.625,0.4166666666666667,0.0,0.06244442705026274,0.9954920485436893,0.31376315077762446,3
USR-185,2,0.7334151994141542,0.1693505268638832,0.12169770873786408,0.7241379310344828,0.3448275862068966,0.034482758620689655,6.370735305141659,0.9922228025728155,0.03914411867176107,7
USR-185,3,0.6482767900849677,0.35172320991503214,-0.0007995000000000001,0.6111111111111112,0.2222222222222222,0.0,66.57614356078156,1.0005842669902913,0.0010263623423061423,3
USR-186,1,0.20761366307621965,0.7923863369237802,0.0952199024390244,0.22727272727272727,0.22727272727272727,0.045454545454545456,0.6312770036213511,0.7870473963414634,0.32901326514068413,6
USR-186,2,0.09889104703623294,0.901108952963767,-0.09317107926829268,0.17647058823529413,0.058823529411764705,0.11764705882352941,0.5369968504044288,1.010406838414634,0.3450713001975096,7
USR-186,3,0.07186829954086915,0.7967348829923551,0.1859187073170732,0.14705882352941177,0.17647058823529413,0.0,0.5126791895572426,0.9676836524390243,0.2874515504271635,6
USR-187,1,0.5066628694178157,0.49333713058218454,0.0020412431506849314,0.6333333333333333,0.3,0.1,2.7119708422774194,0.9953554075342465,0.3708463096904804,3
USR-187,2,0.3411825013522338,0.49964872906095154,0.29137327739726027,0.6666666666666666,0.25925925925925924,0.14814814814814814,3.855711393847834,0.998754904109589,0.06719998860606574,4
USR-187,3,0.39432883460179774,0.32813979994276554,0.3080724041095891,0.5952380952380952,0.38095238095238093,0.11904761904761904,0.8177494144905146,1.000476198630137,0.24647713952061856,9
USR-188,1,0.47211666096286153,0.5278833390371384,0.009740309392265193,0.3333333333333333,0.3333333333333333,0.05555555555555555,0.31575895482285943,0.9653545211602208,0.18424314994757895,7
USR-188,2,0.10274856612718734,0.8972514338728127,-0.00013493922651933588,0.14285714285714285,0.2857142857142857,0.0,5.786806476136502,0.9692279226519337,0.017066664456621215,3
USR-188,3,0.15613801487625673,0.8438619851237431,0.07254170718232043,0.22857142857142856,0.2571428571428571,0.02857142857142857,1.5898622212259155,0.8414620327071793,0.24529685734466383,6
USR-189,1,0.1677923242490411,0.7389540674879136,0.09621291791044775,0.2608695652173913,0.2608695652173913,0.0,0.9011516346655514,0.9801347201492536,0.3313020158477273,2
USR-189,2,0.2636121018546128,0.7363878981453873,-0.0007978880597014926,0.2857142857142857,0.14285714285714285,0.047619047619047616,0.6751370373085237,0.8390147052238807,0.34694802163425015,3
USR-189,3,0.15501801876932425,0.8449819812306756,0.004646936567164178,0.16666666666666666,0.2,0.06666666666666667,0.610760421915617,0.4813832686567164,0.3221785692377629,2
USR-190,1,0.0841434168006369,0.9158565831993633,0.00915279180887372,0.2,0.0,0.0,0.23869182328745,0.9103648225255971,0.31989180066832057,5
USR-190,2,0.42311411742904437,0.5768858825709557,-0.0026978464163822523,0.39285714285714285,0.07142857142857142,0.0,1.2926823825891074,0.6891174812286689,0.3013603662846193,2
USR-190,3,0.1919583058808785,0.8080416941191215,0.006131518771331056,0.14285714285714285,0.19047619047619047,0.09523809523809523,0.712042989993688,0.9934035733788396,0.314981317148231,2
USR-191,1,0.1742736015010222,0.8257263984989779,0.0030133265306122444,0.5,0.1,0.0,0.0,0.9944225335276969,0.22427210198531222,2
USR-191,2,0.19082065998690556,0.4653876515391175,0.42566200291545186,0.35714285714285715,0.32142857142857145,0.0,0.43819539263614243,0.9748422769679298,0.3583529744676859,4
USR-191,3,0.6375069716481159,0.24121281788399465,0.12003092419825073,0.5853658536585366,0.36585365853658536,0.04878048780487805,0.7411366796658148,0.9903134810495627,0.3369098126780663,2
USR-192,1,0.11074534708598889,0.5930572735270511,0.4568737275449102,0.2,0.28,0.0,0.5248139480692761,0.45819812275449107,0.3302537710901111,7
USR-192,2,0.3191058320928022,0.4175254643431538,0.15993433233532936,0.35,0.1,0.0,0.48843223606778585,0.8387383862275449,0.2981489941459713,1
USR-192,3,0.11263419777482651,0.8873658022251734,0.0729098113772455,0.2727272727272727,0.36363636363636365,0.06060606060606061,2.115087638928295,0.765767649700599,0.2223546022380356,7
USR-193,1,0.23869292210134307,0.5719814425006411,0.19382225172413795,0.4,0.16,0.0,0.0,0.9787717586206897,0.21937289214271297,4
USR-193,2,0.20708372690367757,0.2910261266637522,0.5923526689655172,0.3333333333333333,0.25,0.08333333333333333,3.950549852311346,0.9656996827586208,0.07003463967601227,8
USR-193,3,0.23339935357942274,0.7666006464205771,0.005124058620689655,0.5238095238095238,0.2857142857142857,0.0,0.916666964521941,0.9948759344827586,0.37844643797654925,1
USR-194,1,0.24878653960521102,0.7151209591634521,0.03974073235294118,0.32142857142857145,0.25,0.03571428571428571,0.6169734460269665,0.8783613588235294,0.3258129308701674,3
USR-194,2,0.6129400722893698,0.32699937047256245,0.06180539411764706,0.5333333333333333,0.16666666666666666,0.03333333333333333,0.9025762507105698,0.9497361294117648,0.2786387985921708,4
USR-194,3,0.4946955928741136,0.4738983654682399,0.0583846,0.36363636363636365,0.15151515151515152,0.06060606060606061,1.3496475603115152,0.7984209155294125,0.19645795256699802,13
USR-195,1,0.5043000324899037,0.45162330598933154,0.04704088596491228,0.6222222222222222,0.35555555555555557,0.044444444444444446,0.3770512353932508,0.997980865497076,0.23123525303327377,5
USR-195,2,0.6897892045191727,0.20379134872822782,0.10622142690058481,0.7804878048780488,0.3170731707317073,0.04878048780487805,1.1947202575193618,0.9992379385964912,0.3271164688354987,3
USR-195,3,0.5391223938499909,0.199904088651387,0.4150801081871345,0.6595744680851063,0.2765957446808511,0.1702127659574468,2.1119705930376913,0.9999379152046783,0.07699018355918218,6
USR-196,1,0.13770475389033326,0.8622952461096668,0.002408740909090909,0.24,0.36,0.08,0.8615581685544225,0.9732119136363638,0.23195760835707774,8
USR-196,2,0.21457423854425334,0.7854257614557466,0.05563180454545454,0.16666666666666666,0.16666666666666666,0.041666666666666664,0.8643308132464569,0.9609030272727274,0.2535740569767865,7
USR-196,3,0.09406134766529921,0.905938652334701,-0.05447607272727273,0.15789473684210525,0.2631578947368421,0.15789473684210525,1.1129075602606768,0.9862435181818183,0.2960606203226997,6
USR-197,1,0.30731052609240006,0.6926894739076,0.021142611374407583,0.4166666666666667,0.25,0.0,0.08615234112453583,0.9797168341232226,0.09816146601214824,5
USR-197,2,0.35619191943258277,0.5311473139972814,0.19132929383886255,0.42424242424242425,0.21212121212121213,0.12121212121212122,0.8800999497958079,1.449306654028436,0.22447271001439392,6
USR-197,3,0.10264672440511527,0.8973532755948848,0.016067815165876777,0.24,0.2,0.04,0.3788441662462576,1.0126175639810426,0.29660040100327395,4
USR-198,1,0.4880258643951952,0.47438687729671297,0.03797169879518072,0.5833333333333334,0.3333333333333333,0.041666666666666664,1.179063546550345,0.9209968936144584,0.2533613165566148,4
USR-198,2,0.3763869567289528,0.49030302922148683,0.13516138855421686,0.37142857142857144,0.2,0.11428571428571428,0.7874599066345247,0.8976650783132529,0.30048894098498385,7
USR-198,3,0.20956418723515502,0.5966831497675368,0.19155773795180725,0.25,0.25,0.15,0.726575644620693,0.9773360542168672,0.3949184979083916,4
USR-199,1,0.6108142893035667,0.38918571069643354,0.006853727659574468,0.5238095238095238,0.19047619047619047,0.09523809523809523,1.6069019994103568,0.9744395319148934,0.2795862781460337,3
USR-199,2,0.519984937952766,0.41764687671617823,0.1275808595744681,0.5121951219512195,0.24390243902439024,0.024390243902439025,0.9955085674008469,0.9930841744680852,0.2947301101176175,5
USR-199,3,0.4789066344227441,0.2222563211891323,0.2627452765957447,0.5,0.15,0.1,1.17022202968501,0.9937589574468086,0.2207966660779685,4
USR-200,1,0.748400036920151,0.25159996307984905,0.01343184705882353,0.7948717948717948,0.3333333333333333,0.10256410256410256,0.2563259775829448,0.9957628000000001,0.20699148836395012,6
USR-200,2,0.49527468065156893,0.5047253193484311,-0.009497705882352941,0.6842105263157895,0.42105263157894735,0.05263157894736842,1.6095268161183454,0.9999875117647059,0.2375764679274207,4
USR-200,3,0.5251315454901027,0.47486845450989745,-0.0008145941176470591,0.8333333333333334,0.3333333333333333,0.0,8.980330472460432,1.0008146,0.262014969583254,1
USR-201,1,0.156397394777982,0.8436026052220179,0.0018939470802919708,0.3157894736842105,0.15789473684210525,0.0,0.2018250037930736,1.0693444178832117,0.3088650728062271,4
USR-201,2,0.11177142674082864,0.8882285732591714,0.008871684306569344,0.17142857142857143,0.2,0.05714285714285714,2.4368231135153238,0.3199746697080292,0.3331932454222709,8
USR-201,3,0.053230142571998484,0.9467698574280017,-0.006055193430656936,0.1111111111111111,0.16666666666666666,0.0,0.28328891081964985,0.8533392252554743,0.27025671300565496,7
USR-202,1,0.6089805613400403,0.17249270239706868,0.21931965476190476,0.7674418604651163,0.32558139534883723,0.09302325581395349,0.5759263468806615,0.9983486031746032,0.3590221343032908,4
USR-202,2,0.706786255726249,0.2661837639913039,0.027088406746031746,0.7627118644067796,0.2711864406779661,0.06779661016949153,1.3657386521261006,0.9991817083333334,0.3044429599683865,5
USR-202,3,0.1895229697772167,0.8104770302227834,7.410317460317452e-05,0.68,0.48,0.08,6.475807749915525,0.9996410555555555,0.026011825652821317,5
USR-203,1,0.10320479626962772,0.49855991971656743,0.39890893632958807,0.28,0.28,0.12,3.414263228942358,0.9820084475655433,0.3433399026147512,5
USR-203,2,0.34810315009180665,0.6518968499081935,0.015057550561797754,0.4186046511627907,0.3488372093023256,0.11627906976744186,1.4580182708999019,0.40419582771535584,0.32371530312321606,5
USR-203,3,0.06668676925739547,0.8528182530307888,0.0672396254681648,0.125,0.125,0.0625,0.1711328160744369,0.9901433913857678,0.36769362261819355,4
USR-204,1,0.4770191788566476,0.3633935842723215,0.160639223655914,0.575,0.35,0.0,1.6698003339951764,0.9976617161290322,0.3049418548149451,3
USR-204,2,0.29768695675351886,0.3973105291721284,0.30502604301075265,0.5357142857142857,0.2857142857142857,0.07142857142857142,0.8588100750398129,0.9996248666666666,0.40354812771284365,2
USR-204,3,0.45187962976643786,0.5018812701442859,0.04402872903225807,0.6904761904761905,0.38095238095238093,0.047619047619047616,1.6522695738187274,0.7871010977419358,0.28183469228066504,4
USR-205,1,0.0742595200495176,0.9257404799504823,0.005151468123861567,0.17391304347826086,0.13043478260869565,0.13043478260869565,0.5809911579809582,0.5207976211293261,0.2946652494536098,2
USR-205,2,0.19410002842189458,0.8058999715781056,-0.002841329690346084,0.2,0.08,0.16,3.6420560423858603,0.4079582513661203,0.36300649218717335,3
USR-205,3,0.10682613351678863,0.8931738664832112,0.0044591238615664846,0.21875,0.21875,0.0625,0.47975326177244426,0.23667649908925323,0.3720152327226433,12
USR-206,1,0.05704423353233509,0.9429557664676651,0.002683723076923077,0.09523809523809523,0.19047619047619047,0.09523809523809523,3.73440081884453,0.8804153076923078,0.30160258623622516,9
USR-206,2,0.06131496333054046,0.9386850366694593,-0.0006710395604395608,0.14285714285714285,0.14285714285714285,0.047619047619047616,5.175892893934049,0.85331041978022,0.1031868688147213,5
USR-206,3,0.06577362170448445,0.8506166419243371,0.09753465494505495,0.13333333333333333,0.26666666666666666,0.06666666666666667,1.2517817420836543,0.49873036483516475,0.3160046974304277,8
USR-207,1,0.5988244254214231,0.3783211554703475,0.027577733924611974,0.5531914893617021,0.19148936170212766,0.10638297872340426,0.924368433271668,0.8309573917516633,0.3282759290993544,5
USR-207,2,0.4510708152078694,0.5489291847921307,0.0021537161862527723,0.45,0.25,0.05,0.8053724074474876,0.9490105476718405,0.3208418622865972,8
USR-207,3,0.4327340960696921,0.567265903930308,0.10569445676274944,0.4583333333333333,0.25,0.041666666666666664,1.3838498762384313,0.8729891507760533,0.2748107554051293,11
USR-208,1,0.1650566415769764,0.8349433584230237,0.005177954462659381,0.3225806451612903,0.2903225806451613,0.0,0.8905676949041851,0.987942679417122,0.10712493909788393,9
USR-208,2,0.27995262897093726,0.617202314198244,0.1121055500910747,0.34146341463414637,0.14634146341463414,0.0975609756097561,1.157726342629531,0.9100709854280509,0.23179331049102841,6
USR-208,3,0.1959943507070301,0.8040056492929698,0.05310175956284153,0.425,0.3,0.075,0.35335859466724406,0.8793003023679418,0.32712735660950526,10
USR-209,1,0.046472724779934756,0.9206726908740355,0.036088383701188456,0.1875,0.0,0.0625,0.492422586090245,0.7396394193548387,0.21998762975542901,2
USR-209,2,0.044646892037159366,0.44782950161367285,0.5124523820033956,0.10344827586206896,0.20689655172413793,0.06896551724137931,0.49675758125072966,0.6119038658743633,0.3528554519978689,8
USR-209,3,0.09380715612288011,0.90619284387712,-0.011310348047538202,0.42857142857142855,0.0,0.0,0.14724226973972687,1.011310348047538,0.48279135010584306,1
USR-210,1,0.2162917532168211,0.783708246783179,0.001103397212543554,0.4583333333333333,0.16666666666666666,0.0,0.0,0.7197558806968639,0.08943810407593926,2
USR-210,2,0.26711867640737724,0.5130245677343644,0.21975268989547037,0.5833333333333334,0.16666666666666666,0.041666666666666664,1.1380135082580247,0.9997200199303135,0.23784208107895785,1
USR-210,3,0.451179114891116,0.22897715822589915,0.3197621794425087,0.7555555555555555,0.3111111111111111,0.1111111111111111,1.8434438765791867,0.9986568965156795,0.3225007737946195,2
USR-211,1,0.615514440923124,0.27157949491653105,0.09389312543554007,0.7692307692307693,0.358974358974359,0.10256410256410256,0.8344402797588085,0.7740773778745645,0.23599002300922606,5
USR-211,2,0.7756143794475072,0.137814966964376,0.08659851045296167,0.7619047619047619,0.30158730158730157,0.031746031746031744,0.6795223780375841,0.9547448275261325,0.36497369953264036,4
USR-211,3,0.7346149022640784,0.21228181980280694,0.0626903519163763,0.6666666666666666,0.19047619047619047,0.11904761904761904,0.9798127192541105,0.9995678484320558,0.25978112473985276,1
USR-212,1,0.07218731471184515,0.8862234357017938,0.0453889095840868,0.2727272727272727,0.18181818181818182,0.045454545454545456,0.5272998309925473,0.9813446437613019,0.3519649147912981,4
USR-212,2,0.2187935719605205,0.6464506894407719,0.13540705786618445,0.1951219512195122,0.14634146341463414,0.07317073170731707,0.8877294657623555,0.5309409023508137,0.317420817384249,8
USR-212,3,0.03352352841091457,0.8999927776622018,0.0633873924050633,0.1,0.1,0.1,3.4819183217877825,1.0003190795660035,0.051290027993883644,4
USR-213,1,0.5149108377965799,0.2773944557940697,0.2085614376098418,0.6739130434782609,0.21739130434782608,0.08695652173913043,0.8538291810573428,0.9989060685413006,0.239241583124858,2
USR-213,2,0.3851203866719962,0.3225969935281579,0.28422105096660816,0.6206896551724138,0.27586206896551724,0.0,6.911269504029982,0.9700669383128296,0.29994353685456876,4
USR-213,3,0.626967897900511,0.3103982440580236,0.08357012126537786,0.6470588235294118,0.2549019607843137,0.0196078431372549,1.4740575553564812,0.9997412038664322,0.3090523159509099,4
USR-214,1,0.3562115075602581,0.5506366651234786,0.19957401706484643,0.6944444444444444,0.3333333333333333,0.05555555555555555,4.755386687415265,1.061868851535836,0.44642866604276327,1
USR-214,2,0.03173278169839044,0.9682672183016096,0.8300895136518771,0.14285714285714285,0.0,0.14285714285714285,1.0,1.0002468310580206,0.0,0
USR-214,3,0.7476698208513106,0.21613820820485377,-0.8933008054607509,0.76,0.3,0.08,1.8692421098832932,0.9993241348122868,0.25570875230570883,3
USR-215,1,0.1002317783271472,0.819953553863489,0.08352958754208754,0.11363636363636363,0.09090909090909091,0.0,1.066124969068915,0.456945265050505,0.30117435754966626,4
USR-215,2,0.09708211207046463,0.9029178879295354,0.0042930538720538725,0.15789473684210525,0.10526315789473684,0.10526315789473684,1.4523595757899441,0.8728749444444446,0.28838642428705075,5
USR-215,3,0.09260749679027858,0.7908170069409621,0.1148145202020202,0.25,0.125,0.0,3.51901051657526,1.001140664983165,0.0872580148722278,3
USR-216,1,0.37675099872525447,0.29196957830497805,0.3429742325581395,0.6190476190476191,0.2619047619047619,0.0,2.02780398808878,0.9976257567084079,0.3365091631107329,5
USR-216,2,0.31047751105602733,0.6895224889439726,9.331842576028616e-05,0.7692307692307693,0.3076923076923077,0.11538461538461539,5.546525549084353,0.9999066779964222,0.11080775924836396,3
USR-216,3,0.5892168848578726,0.33124367121309883,0.07967718246869408,0.6862745098039216,0.3137254901960784,0.09803921568627451,0.6911332229752225,0.9888054364937388,0.2876285661790375,6
USR-217,1,0.5865904147415696,0.28524350525476566,0.12844983669354837,0.673469387755102,0.30612244897959184,0.0,0.6271015084786078,0.8430684703225811,0.2576453960716806,7
USR-217,2,0.7420489959549246,0.23095532137733013,0.026934252016129034,0.7592592592592593,0.25925925925925924,0.037037037037037035,0.8675207889648536,0.9958203125,0.3012577094121028,4
USR-217,3,0.4960104017788447,0.5039895982211554,0.002862798387096774,0.6190476190476191,0.2857142857142857,0.047619047619047616,2.900076875671218,0.8346246442338707,0.3078542662802928,2
USR-218,1,0.2784132980476275,0.3164920162291364,0.4058623170731707,0.6666666666666666,0.2857142857142857,0.14285714285714285,0.0,0.99870965478424,0.4389948700555176,2
USR-218,2,0.5788629328380029,0.2795770419395332,0.15364365666041277,0.6470588235294118,0.2549019607843137,0.058823529411764705,1.7138974706340522,0.9995898386491558,0.22064059507313372,6
USR-218,3,0.5524274511109467,0.35945818746455094,0.09774969981238274,0.6507936507936508,0.2857142857142857,0.06349206349206349,0.9018614147727865,1.1011580168855535,0.34482195919825365,3
USR-219,1,0.41103304556928155,0.40247376846104416,0.18938715858208957,0.42857142857142855,0.23809523809523808,0.14285714285714285,0.9487994723644874,0.8698703414179103,0.2696515253224477,8
USR-219,2,0.12577044505870513,0.6050011926845954,0.286101901119403,0.2857142857142857,0.17142857142857143,0.02857142857142857,2.4973420763582577,0.917493964402984,0.17846167592045412,9
USR-219,3,0.3886572976013577,0.5041433574660755,0.11805253731343283,0.4634146341463415,0.2682926829268293,0.0,1.3280179132244039,0.9891279626865671,0.21231961014538872,8
USR-220,1,0.21494815817084795,0.687158293058125,0.13131385816876123,0.3888888888888889,0.25,0.05555555555555555,3.9520698930308975,0.8243671364452423,0.29946655314261045,8
USR-220,2,0.09012237256921983,0.6660339756183637,0.22799538958707358,0.3157894736842105,0.2894736842105263,0.10526315789473684,2.412373594171251,0.9356440690125674,0.1881865862263144,8
USR-220,3,0.08560798162419489,0.6028438708359481,0.3091769766606823,0.4444444444444444,0.1111111111111111,0.05555555555555555,0.1687527857615096,1.0010911418312387,0.41032531827220936,4
USR-221,1,0.5454244609253833,0.35314236925281545,0.10531910175438597,0.5471698113207547,0.20754716981132076,0.03773584905660377,0.5453682725396652,0.9987277298245614,0.32454970841565356,3
USR-221,2,0.46424839189889944,0.31187548471741655,0.2232445789473684,0.7254901960784313,0.29411764705882354,0.0392156862745098,1.6499079435479225,0.9965276578947366,0.3245796627711275,3
USR-221,3,0.7404510372598251,0.1529637078785541,0.13305525789473685,0.6610169491525424,0.2542372881355932,0.06779661016949153,1.0337722205202453,0.9982352070175438,0.25692139116054763,10
USR-222,1,0.4447095312256617,0.5552904687743384,0.003128252699784017,0.5384615384615384,0.23076923076923078,0.07692307692307693,0.7773112981164635,0.8673534995248384,0.3272945342979883,4
USR-222,2,0.35148027629865813,0.4338079446131731,0.2132846695464363,0.45,0.175,0.1,1.3311581034334627,0.7557904168466523,0.31579852818226667,4
USR-222,3,0.3110339743150111,0.46918468729570667,0.2215869373650108,0.34375,0.21875,0.09375,0.5798003862208027,0.9786255246652255,0.37435788808897735,2
USR-223,1,0.1299387621440151,0.745680097434685,0.23841712633832976,0.12244897959183673,0.16326530612244897,0.10204081632653061,1.0063156952222454,0.6045974603854389,0.26301649147578343,9
USR-223,2,0.055248401803005116,0.8208263666126184,0.03392579443254817,0.07692307692307693,0.1794871794871795,0.10256410256410256,0.6656871660753533,0.4167501422912209,0.32123974017794277,2
USR-223,3,0.4613765497326166,0.44029880025835394,0.09973047751605996,0.3333333333333333,0.25,0.027777777777777776,1.2811031434208484,0.39437191006423983,0.34022520776111614,7
USR-224,1,0.26281449507364796,0.7325333218696174,0.006594531728665209,0.4888888888888889,0.3111111111111111,0.044444444444444446,0.2887031206064001,0.9969698949671773,0.1793496764483601,7
USR-224,2,0.405719313176953,0.50291539021498,0.091357,0.5681818181818182,0.22727272727272727,0.11363636363636363,1.251904701531838,0.9972454704595186,0.2184163905967648,3
USR-224,3,0.6029311396645568,0.39706886033544353,0.00032954048140043765,0.6923076923076923,0.1794871794871795,0.05128205128205128,0.6349848207427637,0.9993081487964988,0.3600763841807824,1
USR-225,1,0.1516571046583275,0.8483428953416724,0.0665792043956044,0.21428571428571427,0.25,0.07142857142857142,0.9638397793490199,0.9142599164835167,0.18109066811682348,10
USR-225,2,0.08200922426325734,0.8519325286629645,0.037595852747252745,0.1875,0.1875,0.0625,0.49722210837600944,0.8921875802197803,0.3013037470297878,10
USR-225,3,0.073196507271925,0.9268034927280752,-0.010049542857142858,0.14285714285714285,0.14285714285714285,0.08571428571428572,2.4353354093511093,0.3073322901098901,0.40693322304861035,5
USR-226,1,0.2913259812839503,0.38393912077935105,0.33926180912863074,0.3684210526315789,0.21052631578947367,0.10526315789473684,1.4137951005707927,0.8399264958506224,0.2383412967264444,8
USR-226,2,0.11722917475640952,0.47815221949941994,0.5973555788381743,0.4,0.32,0.0,0.7838174646363105,0.9668700103734442,0.33000932867752764,4
USR-226,3,0.04538087442109524,0.9546191255789047,-0.19314108506224067,0.4,0.2,0.0,1.0,1.1816544751037346,0.004163215871489743,2
USR-227,1,0.12373144125081993,0.8382213521822374,0.038972451178451176,0.5714285714285714,0.38095238095238093,0.0,0.0,0.9982403097643097,0.049438694697514815,4
USR-227,2,0.1690298881040132,0.8309701118959869,0.000563989898989899,0.7777777777777778,0.3333333333333333,0.05555555555555555,0.24855049656968917,0.9988887895622895,0.3811898424921425,3
USR-227,3,0.5237909422542354,0.43417089614906373,0.04806592592592593,0.7142857142857143,0.30357142857142855,0.07142857142857142,1.7387719746880188,1.0006652255892259,0.12428534280632111,11
USR-228,1,0.20329524512825373,0.6529643875829483,0.2691550466019417,0.4,0.1,0.03333333333333333,0.4491175122624096,1.1620194796116505,0.21038804606516356,1
USR-228,2,0.04331884570761202,0.936046916959479,-0.05644505825242717,0.3076923076923077,0.23076923076923078,0.0,23.016495971948853,1.0009601242718447,0.01921191749679899,5
USR-228,3,0.4459632226829475,0.5117621838253222,0.02643913786407767,0.42,0.24,0.06,0.8816371544953471,0.7776068155339807,0.29683724329358574,7
USR-229,1,0.8353998822907764,0.16460011770922361,0.00344939248434238,0.82,0.26,0.04,1.2230191838129671,0.9988308810020876,0.33146028127547933,2
USR-229,2,0.3970479617751438,0.327778356441873,0.38594757411273484,0.6785714285714286,0.35714285714285715,0.10714285714285714,0.9131663178097448,0.9995306242171191,0.20809217761582618,1
USR-229,3,0.5491155020646058,0.4508844979353945,-0.11164898747390395,0.7333333333333333,0.35,0.05,0.9556176873003838,0.9089063985803746,0.2156539676744102,8
USR-230,1,0.23040657497522427,0.7695934250247759,0.010184846960167715,0.2857142857142857,0.25,0.07142857142857142,1.1468910403845605,0.5690217085115303,0.33665311407660775,4
USR-230,2,0.11773998203938466,0.8822600179606153,-0.0020154088050314467,0.23529411764705882,0.23529411764705882,0.11764705882352941,0.9007719815702281,0.6046377002096436,0.3590638442861177,4
USR-230,3,0.3935338336435104,0.5826587606132287,0.02188277358490566,0.23333333333333334,0.16666666666666666,0.1,1.2172070895796234,0.5693154255765199,0.31904720474915754,7
USR-231,1,0.11692678987091373,0.8830732101290865,0.002328640831758034,0.125,0.16666666666666666,0.125,3.68066976031063,0.8607267137996218,0.3270472791192953,8
USR-231,2,0.21101207411829503,0.788987925881705,0.0019660491493383742,0.22807017543859648,0.14035087719298245,0.07017543859649122,1.1766926327123433,0.3241905066162571,0.29233089025247544,3
USR-231,3,0.14910171696042462,0.7699806264295803,0.07943336105860115,0.2,0.2,0.03333333333333333,2.4372239572264847,0.46265487901701324,0.3101048672950563,3
USR-232,1,0.27935089301625393,0.7206491069837461,0.0036751904761904764,0.3333333333333333,0.14285714285714285,0.047619047619047616,0.26248328254823855,0.9072852271062273,0.2664342255398702,8
USR-232,2,0.12451497329330366,0.7774087488711726,0.10671046703296704,0.3076923076923077,0.23076923076923078,0.0,0.3099391741490757,0.9322500402930403,0.27378100080076756,7
USR-232,3,0.3291271000683077,0.628766674304369,0.0499666978021978,0.34285714285714286,0.17142857142857143,0.08571428571428572,0.8767234949536922,0.9011176190476191,0.19738533514612697,6
USR-233,1,0.48342304355864624,0.507070669417243,0.013244694,0.6046511627906976,0.20930232558139536,0.023255813953488372,0.6101959865086523,0.997681298,0.20705559521587677,5
USR-233,2,0.6688558356677885,0.2982156770742393,0.047893172,0.7763157894736842,0.3157894736842105,0.07894736842105263,1.4522573574021,0.829090914,0.2805690229965119,7
USR-233,3,0.4190125041712922,0.5809874958287077,-0.010342979999999998,0.6111111111111112,0.3055555555555556,0.0,2.0273050143947318,0.982756933839999,0.20927443203571564,3
USR-234,1,0.7990948258815102,0.2009051741184902,0.009264390625,0.7894736842105263,0.21052631578947367,0.0,0.5051839657011856,0.9582108787499987,0.24889042911098871,1
USR-234,2,0.3168906507386231,0.6831093492613768,0.014767107421875,0.6,0.24,0.08,6.260971307688556,1.0590327291601562,0.13177223095858917,3
USR-234,3,0.19731104398955765,0.8026889560104424,-0.022847468750000002,0.5238095238095238,0.38095238095238093,0.09523809523809523,23.193693857181746,0.9990135703124999,0.06326626746208681,4
USR-235,1,0.12673387779846626,0.8732661222015338,0.0011070740037950665,0.26666666666666666,0.26666666666666666,0.0,0.5911568836338369,0.4910886470588235,0.30128548516166065,3
USR-235,2,0.19891082325736817,0.801089176742632,0.0047999373814041745,0.14814814814814814,0.1111111111111111,0.07407407407407407,0.8982157720407155,0.7554117590132827,0.3391936126755856,4
USR-235,3,0.14009510791432328,0.8599048920856768,-0.004535129032258065,0.42105263157894735,0.15789473684210525,0.0,0.2226469004640718,1.003368182163188,0.4334976448862418,2
USR-236,1,0.11660208970728457,0.8422641161463146,0.18537440625,0.1,0.2,0.13333333333333333,0.16112968647112927,0.9050117708333333,0.13408992538210093,7
USR-236,2,0.12567754723703387,0.8494073920870308,-0.085945075,0.21568627450980393,0.3333333333333333,0.0784313725490196,0.5547831488590103,0.8667236916666666,0.3410911940329038,6
USR-236,3,0.17024817616702137,0.8297518238329785,-0.005873106250000001,0.15789473684210525,0.2631578947368421,0.0,3.645180506757261,0.9024045166666667,0.11634382084891387,5
USR-237,1,0.03421356063728212,0.9657864393627177,0.016451847583643122,0.125,0.25,0.075,5.0921233300865065,0.9302129516728622,0.24396276562469218,13
USR-237,2,0.08692665312936705,0.913073346870633,-0.013388901486988848,0.21428571428571427,0.21428571428571427,0.07142857142857142,0.20260776218480742,1.0028963624535316,0.29211496600496367,7
USR-237,3,0.0453666105961552,0.9218972541328945,0.032343936802973976,0.17647058823529413,0.23529411764705882,0.0,0.26364315937156035,0.14537244795539034,0.4512109022510744,4
USR-238,1,0.20917940662724496,0.7127520376377756,0.08417146507352942,0.4642857142857143,0.17857142857142858,0.03571428571428571,0.299381432603658,0.9989327150735295,0.3318992355894319,5
USR-238,2,0.49592819141818545,0.33512605180802224,0.1689839761029412,0.6578947368421053,0.23684210526315788,0.02631578947368421,1.1532922190188337,0.9991587610294118,0.19659415907849548,3
USR-238,3,0.26107245031471144,0.3309339610287935,0.3901675330882354,0.5238095238095238,0.2619047619047619,0.07142857142857142,1.1770209749189522,0.9330127020588225,0.3434952714747949,5
USR-239,1,0.6012314795690465,0.39876852043095357,0.001042072625698324,0.7857142857142857,0.23809523809523808,0.07142857142857142,0.3049676044883329,0.998280260707635,0.37805796333211267,3
USR-239,2,0.41717462303872066,0.5495370246162491,0.04935232588454376,0.7647058823529411,0.38235294117647056,0.029411764705882353,4.417430748376113,0.9457477448789571,0.11787265640241035,3
USR-239,3,0.2018301670406122,0.7981698329593876,-0.015506659217877097,0.5909090909090909,0.22727272727272727,0.045454545454545456,3.476015978248778,1.0004998975791435,0.14149889038830313,4
USR-240,1,0.5598377566348745,0.25332441019186686,0.22024610782608695,0.746268656716418,0.3283582089552239,0.029850746268656716,0.6246435533654014,0.9973596607304338,0.3315408374932891,5
USR-240,2,0.3784932379383305,0.6215067620616691,-0.000900655652173913,0.6842105263157895,0.2631578947368421,0.02631578947368421,0.9875406678900917,1.0005713130434783,0.2298087394047025,6
USR-240,3,0.5579473962370484,0.38076726199456806,0.058062086956521736,0.6785714285714286,0.21428571428571427,0.03571428571428571,0.7582896225486544,0.9432995981217399,0.39640253092342326,2
USR-241,1,0.08568988629485991,0.91431011370514,0.0028220848708487086,0.09090909090909091,0.18181818181818182,0.0,2.85301825388948,0.9625906973800739,0.3657709625947247,4
USR-241,2,0.1363345069158069,0.6302195314690723,0.23799301291512914,0.17647058823529413,0.20588235294117646,0.029411764705882353,0.8601008010768278,0.5887655461254612,0.26352775843364434,7
USR-241,3,0.05588469175401304,0.8588293902142049,0.09728314575645755,0.11764705882352941,0.058823529411764705,0.0,0.7345334724176198,1.0515930719557196,0.22368493525480848,13
USR-242,1,0.08450732818667318,0.6190291608587604,0.3628753015873016,0.10869565217391304,0.17391304347826086,0.06521739130434782,0.33881345849238886,0.20133844620811286,0.3617513054415201,8
USR-242,2,0.1311303602122101,0.8688696397877902,0.028914798941798943,0.20833333333333334,0.16666666666666666,0.125,2.92334965390622,0.26054238624338627,0.4228244500158518,6
USR-242,3,0.19580456722724954,0.7335414230959696,0.043230761904761904,0.2631578947368421,0.13157894736842105,0.13157894736842105,1.224534334307917,0.5302834850088184,0.34416866769269816,4
USR-243,1,0.13134745901637665,0.8686525409836231,0.0069240606060606055,0.21875,0.15625,0.0625,0.36079471391311074,0.8833632023030298,0.25104919960371475,7
USR-243,2,0.07595319168009161,0.9240468083199085,0.0007326020202020211,0.10638297872340426,0.2553191489361702,0.06382978723404255,0.5106736367879647,0.6513445898989898,0.2381131395146532,6
USR-243,3,0.15643111017369116,0.8435688898263088,-0.0004391555555555555,0.23809523809523808,0.23809523809523808,0.047619047619047616,0.38481150973269196,0.8956652646464646,0.26981740536441534,9
USR-244,1,0.0359236382346785,0.9640763617653215,0.002379718689788054,0.07142857142857142,0.21428571428571427,0.07142857142857142,0.23092613412447466,0.9360071791907514,0.03929886866875903,8
USR-244,2,0.2828642721458996,0.7171357278541003,0.0038919248554913303,0.16129032258064516,0.16129032258064516,0.12903225806451613,1.2016281446462016,0.7025836116377647,0.26102171154147696,4
USR-244,3,0.12312125096523381,0.8768787490347661,-0.004421346820809248,0.4,0.06666666666666667,0.13333333333333333,0.3206983271126773,1.0022684258188825,0.4368763727478394,2
USR-245,1,0.25545123078210635,0.28343317996815437,0.533722860306644,0.38095238095238093,0.11904761904761904,0.047619047619047616,1.472659470308623,0.8899484139693359,0.27878441365995693,14
USR-245,2,0.11615481033295035,0.8269748410467883,0.030324103918228287,0.3,0.2,0.15,0.3361994403385566,0.9952938120783641,0.4250238375006389,1
USR-245,3,0.44594584238032714,0.4900046931766489,0.06211114310051107,0.4807692307692308,0.2692307692307692,0.038461538461538464,1.2198836916415643,0.5181300936967632,0.28577707278110737,6
USR-246,1,0.21826187421117046,0.590872160426465,0.20722963706563702,0.38235294117647056,0.3235294117647059,0.058823529411764705,2.283395349353448,0.8902998397683399,0.2928738561044148,10
USR-246,2,0.1605299745178667,0.8394700254821335,-0.0004164942084942082,0.22727272727272727,0.18181818181818182,0.09090909090909091,3.2501925149200024,0.9843314266409264,0.07698740213670452,7
USR-246,3,0.36764209509471246,0.26603820522952415,0.36445457722007724,0.35,0.2,0.1,0.9000347333284712,0.994847252895753,0.5216562026834308,2
USR-247,1,0.07814914053122385,0.9218508594687759,0.0012247987288135594,0.4117647058823529,0.23529411764705882,0.0,0.0,0.9850924406779662,0.42913075747954577,2
USR-247,2,0.05523104309121861,0.9447689569087815,-2.526694915254242e-05,0.16666666666666666,0.1111111111111111,0.0,5.635046621999308,0.9363416474576272,0.25826470940598084,6
USR-247,3,0.12301180220931365,0.8769881977906863,0.035362033898305084,0.3125,0.25,0.125,0.8552527712664871,0.9248204512711863,0.2413413966647106,9
USR-248,1,0.16260379594252347,0.8373962040574764,0.00148308203125,0.28,0.2,0.0,0.1439849107778781,0.9820105703125,0.2281548492618095,9
USR-248,2,0.2862027966498171,0.4612760136250165,0.336550505859375,0.3125,0.1875,0.125,1.6747123506446129,1.0935574746093748,0.28572266981312866,8
USR-248,3,0.29642369459764933,0.7035763054023507,0.005174312499999999,0.3235294117647059,0.17647058823529413,0.058823529411764705,3.11546624344385,1.00465757421875,0.07716300259348204,13
USR-249,1,0.3605439557414969,0.3591762068872019,0.3009795429616088,0.4074074074074074,0.2777777777777778,0.09259259259259259,1.0026255375911448,0.7550333254113346,0.26674363737331497,6
USR-249,2,0.17178867563302425,0.8282113243669758,-0.017999928702010972,0.21052631578947367,0.15789473684210525,0.10526315789473684,0.43104108003979463,0.9519723272394881,0.2894439662503384,5
USR-249,3,0.053786763147338185,0.946213236852662,-0.008338416819012796,0.19230769230769232,0.19230769230769232,0.11538461538461539,0.6807798983251869,0.767279550274223,0.25085627684673634,5
USR-250,1,0.27615358779899657,0.5809365336694967,0.15766529831144463,0.59375,0.28125,0.03125,0.10467206345748882,0.9990416716697935,0.3937467810084195,4
USR-250,2,0.7269289157507712,0.19798672593490638,0.06933552720450281,0.6875,0.3333333333333333,0.020833333333333332,1.1518715708847078,1.0049954596622888,0.3466317386437671,5
USR-250,3,0.2870088569733683,0.3765966195867347,0.37733099999999997,0.6595744680851063,0.3404255319148936,0.0851063829787234,2.977828121730517,1.1181377335834897,0.23598250830640302,9
USR-251,1,0.1995661677726092,0.6625254038508906,0.3299888888888889,0.3611111111111111,0.25,0.05555555555555555,1.0133716038054599,0.8850826629629629,0.25653607900047803,9
USR-251,2,0.2518537528408108,0.7481462471591891,-0.18071838703703702,0.5384615384615384,0.19230769230769232,0.0,0.51330423007389,1.0726287179259262,0.4495632030077854,4
USR-251,3,0.06388362339907719,0.815574699102586,0.12656737777777777,0.3125,0.25,0.0625,0.35632180065675917,1.0389976074074074,0.38649267263700127,4
USR-252,1,0.11104835119149369,0.8691058591557755,0.027585880769230773,0.14285714285714285,0.22857142857142856,0.11428571428571428,2.4975586688019997,0.6651512038461539,0.29237526788042767,6
USR-252,2,0.1831997892590514,0.8168002107409486,0.011506988461538461,0.34285714285714286,0.22857142857142856,0.02857142857142857,1.3286241567343926,0.6900013991923076,0.3133681910035378,4
USR-252,3,0.13356430230157848,0.808929279659963,0.0537569,0.19230769230769232,0.07692307692307693,0.038461538461538464,0.30993142295616577,1.130230121153846,0.4404116600675368,6
USR-253,1,0.1183685256961455,0.8816314743038546,0.001106843373493976,0.5,0.2857142857142857,0.0,0.0,0.9982951847389557,0.20157549187678964,2
USR-253,2,0.22441694114067218,0.7411521393865401,0.03695451807228916,0.6666666666666666,0.3333333333333333,0.09523809523809523,3.255013687761157,0.9994283473895582,0.10047520369952893,2
USR-253,3,0.1564228152565069,0.8435771847434932,-0.0025667329317269074,0.5,0.2777777777777778,0.0,16.579316263892483,0.9995514236947791,0.04885927127855757,5
USR-254,1,0.13346154953806091,0.7220838869073254,0.1600770703971119,0.10526315789473684,0.2631578947368421,0.10526315789473684,0.0,0.9221747274368228,0.2981853378772696,5
USR-254,2,0.16619065398631272,0.8338093460136872,0.00019664620938628126,0.3333333333333333,0.16666666666666666,0.0,0.27419252012262707,0.979130891696751,0.38693294034093584,2
USR-254,3,0.6125058020560444,0.3656619228108075,0.12738207400722024,0.48717948717948717,0.2564102564102564,0.0,1.0749688732081057,0.7294914168231055,0.27466668731383087,11
USR-255,1,0.05096391346169229,0.9490360865383077,0.010438440313111546,0.1111111111111111,0.18518518518518517,0.0,2.114588654712818,0.939529001956947,0.3064280169494134,9
USR-255,2,0.2983842259325871,0.5337563952460526,0.16128582974559685,0.2631578947368421,0.18421052631578946,0.10526315789473684,1.2946448445662393,0.8428435381604698,0.30821805633693145,8
USR-255,3,0.15890768720694365,0.8410923127930564,-0.001093160469667319,0.15151515151515152,0.12121212121212122,0.12121212121212122,0.4579286689888393,0.5567924148727985,0.2865552357688004,4
USR-256,1,0.5315667165003938,0.4361864747574051,0.033791139130434786,0.38636363636363635,0.25,0.045454545454545456,0.9276680965091154,0.9318383321739129,0.3471605280709852,7
USR-256,2,0.21453461516507163,0.33515619601641833,0.5181972939130435,0.325,0.25,0.125,1.892254539371817,0.9878291182608697,0.2951414348319557,5
USR-256,3,0.2761804541012263,0.5432871142233681,0.18398947826086956,0.3448275862068966,0.2413793103448276,0.10344827586206896,1.0985278207954794,0.9622625460869566,0.30843855909565915,7
USR-257,1,0.2855428242811618,0.7144571757188382,0.025708534883720928,0.35,0.325,0.025,1.0950603160931933,0.9619538773784355,0.29090549317419667,11
USR-257,2,0.14612366642296074,0.8538763335770393,0.8772258118393235,0.5,0.3,0.1,1.0,1.0227381437632135,0.0,0
USR-257,3,0.1498829544440821,0.6846057171646066,-0.7349417822410149,0.3076923076923077,0.15384615384615385,0.15384615384615385,18.483321846796592,0.995501492600423,0.5324179201657141,2
USR-258,1,0.27832482663850877,0.39146586159117436,0.3317306484375,0.40476190476190477,0.2619047619047619,0.09523809523809523,0.7859877117025506,0.83717276171875,0.2481373937383481,9
USR-258,2,0.06354900238404448,0.1087507213746992,0.8279959648437499,0.16666666666666666,0.25,0.0,13.298519950842033,0.9865978320312498,0.390367332493514,4
USR-258,3,0.18638725982769555,0.5850258437012462,0.23197874609375,0.28,0.28,0.08,2.197333729604087,0.9602801933593752,0.2166892058224586,6
USR-259,1,0.2588201818402435,0.40208945799494605,0.3534562665441177,0.47058823529411764,0.14705882352941177,0.08823529411764706,0.974842348363181,0.9986258492647059,0.3179617835482148,1
USR-259,2,0.04831281342218908,0.951687186577811,-0.0007408327205882362,0.14285714285714285,0.14285714285714285,0.09523809523809523,5.11454626284701,0.9729456819852939,0.0094352584021762,8
USR-259,3,0.11894572231581106,0.8369879069323245,0.0379745330882353,0.2962962962962963,0.1111111111111111,0.037037037037037035,1.0188990310203476,0.9061043511029413,0.2107068112054904,6
USR-260,1,0.1583904298128593,0.6741323191606461,0.22501343680297398,0.28125,0.1875,0.0625,1.328139656894502,0.9988368940520445,0.23485820302654073,7
USR-260,2,0.11364085774158685,0.8863591422584133,-0.0053615055762081774,0.2608695652173913,0.043478260869565216,0.043478260869565216,0.30981018650328673,1.0163264628252786,0.1663120164765508,11
USR-260,3,0.0786008295397349,0.8278953156939961,0.08134689962825278,0.2962962962962963,0.2222222222222222,0.07407407407407407,0.3484009396329827,0.9174077862453531,0.33493151885413786,8
USR-261,1,0.10110485045133157,0.6654695132136825,0.21650716101694914,0.22857142857142856,0.3142857142857143,0.02857142857142857,0.4349570473002561,0.8665305821186443,0.230094938344641,9
USR-261,2,0.09571355678474425,0.9042864432152559,0.06195432881355932,0.20833333333333334,0.041666666666666664,0.0,1.8840592538370515,1.0005566457627117,0.07522868319347141,11
USR-261,3,0.23660338610625864,0.5541441303662482,0.1754813033898305,0.4146341463414634,0.24390243902439024,0.04878048780487805,2.2387449986939294,0.9743161111864403,0.3272682494669032,2
USR-262,1,0.41560755540022176,0.33735178882859973,0.24966539752650174,0.3333333333333333,0.3055555555555556,0.05555555555555555,0.4536321073914182,0.9813698409893993,0.2376887269982672,7
USR-262,2,0.11921533689933674,0.8006894528081882,0.0844442597173145,0.4166666666666667,0.20833333333333334,0.125,0.3318333409038557,1.0603548268551237,0.4007824682684648,4
USR-262,3,0.28992819954497734,0.5642187618679214,0.1473900247349823,0.5882352941176471,0.11764705882352941,0.11764705882352941,0.7820365622258435,0.9982005600706714,0.34726308829821345,3
USR-263,1,0.32266020701293124,0.6773397929870687,0.0020100137524557958,0.6764705882352942,0.3235294117647059,0.08823529411764706,0.15904897740290397,0.9978844007858545,0.3169934954492904,5
USR-263,2,0.5796294444284018,0.255641582267379,0.16394807858546168,0.7142857142857143,0.2653061224489796,0.04081632653061224,0.7829294433377659,0.9985477269155205,0.36560531822327574,4
USR-263,3,0.37032624147248555,0.48742819366986423,0.14248663064833006,0.6122448979591837,0.30612244897959184,0.08163265306122448,1.75371162682723,0.9946737170923377,0.21994210000734452,4
USR-264,1,0.16538946313632083,0.8346105368636793,0.001051145283018868,0.8235294117647058,0.4117647058823529,0.0,0.009778781356975479,0.9986334924528302,0.013094123842998986,4
USR-264,2,0.48974281536197384,0.20792202198487775,0.3741241622641509,0.6666666666666666,0.3888888888888889,0.037037037037037035,0.7318342078737479,0.999709703773585,0.2645391558022084,8
USR-264,3,0.5275388128017117,0.4279292447749988,0.042858801886792454,0.6571428571428571,0.2857142857142857,0.05714285714285714,1.4513668015259782,0.8937499681509423,0.26611827926419823,4
USR-265,1,0.4622346153073317,0.30952605214556916,0.21662857344064382,0.575,0.3,0.1,0.9258954894654626,0.9433324136016096,0.3821199665312734,3
USR-265,2,0.5127671539148432,0.4288495950428463,0.07092298189134809,0.7659574468085106,0.2765957446808511,0.0425531914893617,1.5909109384588913,1.1553645895372235,0.18161179506368183,6
USR-265,3,0.2980937682368958,0.43434266280246675,0.26737314285714286,0.6538461538461539,0.23076923076923078,0.0,6.99313280392662,1.0002599899396378,0.1882714464916526,2
USR-266,1,0.15981114453185402,0.2480794456417378,0.5933610558464224,0.34615384615384615,0.19230769230769232,0.07692307692307693,0.13161430139715075,0.9631799808027924,0.3096806398966458,6
USR-266,2,0.2331618202007382,0.4532424204220197,0.3120947609075044,0.3448275862068966,0.10344827586206896,0.034482758620689655,1.7059051578477515,0.9991558202443281,0.32597581530053377,2
USR-266,3,0.20214267235685157,0.7978573276431483,8.358115183246075e-05,0.45454545454545453,0.13636363636363635,0.09090909090909091,5.17651709705806,1.0192167731239092,0.09033278976812038,8
USR-267,1,0.14088976613870727,0.8591102338612929,0.006644587328767123,0.19047619047619047,0.11904761904761904,0.023809523809523808,2.0894167382884214,0.40923965582191785,0.2846941648424468,6
USR-267,2,0.10905165965953144,0.8909483403404684,0.002970380136986302,0.17391304347826086,0.17391304347826086,0.021739130434782608,0.7569592905139506,0.4902888630136986,0.27921576986754676,9
USR-267,3,0.04527746054415697,0.9308605076021303,0.016912895547945204,0.14285714285714285,0.17857142857142858,0.03571428571428571,0.4995169252633798,0.739364006849315,0.26840860745623046,4
USR-268,1,0.30446812514067545,0.4281439670353745,0.26817118315789473,0.6111111111111112,0.3888888888888889,0.05555555555555555,0.10030407743979282,0.9981868105263157,0.21046278669421564,6
USR-268,2,0.6953674981919444,0.2493654695269742,0.054361006315789474,0.7083333333333334,0.2916666666666667,0.020833333333333332,1.2736360151367259,0.979581705263158,0.27644563324208477,3
USR-268,3,0.36609407990096865,0.6339059200990316,-1.0505263157896191e-06,0.5925925925925926,0.25925925925925924,0.037037037037037035,4.71355625570537,1.0000010526315788,0.45107468526396655,3
USR-269,1,0.31546096325094547,0.2842565080795805,0.5202125756457564,0.4634146341463415,0.2682926829268293,0.0975609756097561,0.2862090389764689,0.9988909040590406,0.3172171465096875,5
USR-269,2,0.7414447809745662,0.19721569486759025,0.055218215867158665,0.7567567567567568,0.24324324324324326,0.05405405405405406,2.5947824225605483,0.9547706614760153,0.1975896619967146,3
USR-269,3,0.45773275810874203,0.4538540784165753,0.08836129704797048,0.55,0.275,0.125,2.0248558403471995,0.99975963099631,0.19477197590323836,4
USR-270,1,0.3598172705760161,0.5732903382385287,0.15809130546075087,0.5797101449275363,0.2608695652173913,0.043478260869565216,0.626830432731827,1.1264925716723548,0.14736363097336028,6
USR-270,2,0.3605605224538549,0.31941635607419544,0.36701879522184305,0.6216216216216216,0.24324324324324326,0.0,1.169684225362242,0.9998301228668941,0.20891993529258332,3
USR-270,3,0.5407747857754538,0.3312334586894407,0.03727703242320818,0.64,0.3,0.06,1.533733751746687,0.9993394266211604,0.24175281315577302,4
USR-271,1,0.08558872063701235,0.9144112793629874,0.0028205896328293736,0.25,0.1875,0.0,0.07206841921489363,1.1187962915766736,0.3376073287752807,4
USR-271,2,0.1487952578488771,0.7919430621356817,0.07127948164146869,0.15789473684210525,0.13157894736842105,0.10526315789473684,0.7427350175627393,0.30110500863930884,0.3194909705208113,5
USR-271,3,0.06303914374602043,0.9200149578425514,0.006407879049676028,0.1875,0.25,0.0625,0.23022996532744325,1.0042011058315334,0.4218150994588181,4
USR-272,1,0.03421137470270246,0.9657886252972976,0.005230651452282158,0.05,0.15,0.05,0.2479859751722323,0.9722528070539418,0.05801337907207518,9
USR-272,2,0.21533218244708616,0.4511521020594152,0.40264539834024893,0.17777777777777778,0.06666666666666667,0.13333333333333333,0.8940403600143711,0.40177522406639,0.30080268076423894,5
USR-272,3,0.11070084263469726,0.8892991573653024,-0.004707659751037344,0.16666666666666666,0.13333333333333333,0.03333333333333333,1.695448832711846,0.6850137295020746,0.3041720952003809,6
USR-273,1,0.16461533527923985,0.8165819514371289,0.019940601739130436,0.5862068965517241,0.27586206896551724,0.034482758620689655,0.05132524564397784,0.9981542591304347,0.047344066760712684,6
USR-273,2,0.26518383972185183,0.7348161602781484,0.0005753565217391306,0.6341463414634146,0.3170731707317073,0.12195121951219512,4.591340695200828,0.9998185965217392,0.07837373859809849,9
USR-273,3,0.45591334617278,0.5164720583814436,0.03313280347826087,0.6851851851851852,0.3148148148148148,0.0,0.3979693386849845,1.0000022330434781,0.3783794242002435,5
USR-274,1,0.3975061758488003,0.4802244105641181,0.12363898657718121,0.5,0.22727272727272727,0.13636363636363635,1.1732949684053342,0.5957279060402684,0.32191389949441895,5
USR-274,2,0.060969274866663724,0.9029837036272377,0.040718912751677855,0.1111111111111111,0.16666666666666666,0.05555555555555555,6.513619598316093,0.9412909161073825,0.0689509868342674,9
USR-274,3,0.21672042608336067,0.5051411494618073,0.2697355973154362,0.34146341463414637,0.24390243902439024,0.024390243902439025,0.891917239720565,0.7556226424832205,0.2926074171262736,4
USR-275,1,0.24114540359373318,0.6651553019015322,0.0968405587188612,0.2894736842105263,0.23684210526315788,0.05263157894736842,0.5491471194511972,0.9507186405693951,0.19176615436782818,7
USR-275,2,0.2645097406272099,0.6346563948884496,0.09856526690391458,0.375,0.125,0.05,0.6791095917581446,0.5783675889679716,0.33033649555284383,7
USR-275,3,0.03053844599896445,0.9694615540010355,0.06152473487544484,0.16666666666666666,0.0,0.0,10.26040040462954,1.0630304270462634,0.04315616120053128,2
USR-276,1,0.16456483774920586,0.5538019638810415,0.28322506695464367,0.38095238095238093,0.23809523809523808,0.0,2.161232282556391,0.9036660626349892,0.307413569578162,5
USR-276,2,0.21543328860594962,0.7845667113940503,0.0031546177105831533,0.3611111111111111,0.25,0.027777777777777776,0.8391953856029878,1.0006141771058317,0.2725911676011677,3
USR-276,3,0.29319072761876663,0.7068092723812334,0.08521710583153348,0.41935483870967744,0.1935483870967742,0.0967741935483871,0.4581202720241301,0.9578304211663068,0.2818853920336818,8
USR-277,1,0.4954683116573493,0.23235166473188815,0.27294508041958043,0.7647058823529411,0.37254901960784315,0.058823529411764705,1.0477995550542383,0.9971720541958041,0.22838860618218673,6
USR-277,2,0.42838495384163666,0.3034745419358259,0.3200198933566434,0.6415094339622641,0.2830188679245283,0.05660377358490566,1.0104278485266736,0.9976934353146852,0.24314845219340958,5
USR-277,3,0.3061416216939348,0.6938583783060653,-0.0010452779720279723,0.7441860465116279,0.46511627906976744,0.046511627906976744,8.50262875938114,0.9986866643356644,0.027646997077680365,7
USR-278,1,0.270831981650519,0.6569051619402226,0.1018320615942029,0.3939393939393939,0.24242424242424243,0.09090909090909091,4.126136904962476,0.9886762445652176,0.35655918178459356,7
USR-278,2,0.16262879655717816,0.8373712034428217,0.0003038641304347829,0.17647058823529413,0.19607843137254902,0.058823529411764705,0.9205683940053325,0.567385320652174,0.2699299346309354,7
USR-278,3,0.2568443323679033,0.743155667632097,-0.011977351449275364,0.3333333333333333,0.2222222222222222,0.027777777777777776,0.5289601263088627,0.5720813460144928,0.3387433719774066,5
USR-279,1,0.547238603337142,0.2847306214438294,0.1682506695464363,0.6896551724137931,0.3620689655172414,0.06896551724137931,0.6637114784644559,0.796242656587473,0.24933250654519498,8
USR-279,2,0.1128498423735368,0.8444170340334155,0.0423357192224622,0.36,0.36,0.0,0.33606266020437253,0.9988495593952483,0.3970159164445441,3
USR-279,3,0.0733974706966876,0.9266025293033122,0.0033142699784017276,0.16666666666666666,0.375,0.041666666666666664,0.446784261336638,0.8530045874730022,0.22706040688797166,9
USR-280,1,0.27166883848827983,0.46493481487592253,0.26553489057239055,0.42857142857142855,0.047619047619047616,0.047619047619047616,0.0,0.9966398535353534,0.24601467208251218,1
USR-280,2,0.15881681237357406,0.7396515867463413,0.09843635185185184,0.1509433962264151,0.22641509433962265,0.03773584905660377,0.8053207657388614,0.37523095791245786,0.26358858075286007,5
USR-280,3,0.03445275665388013,0.8914493304873765,0.07348140067340067,0.10526315789473684,0.15789473684210525,0.05263157894736842,0.32223228635100826,0.9552730420875422,0.3114678723093636,4
USR-281,1,0.3622463218922465,0.6377536781077535,0.021743961013645226,0.6666666666666666,0.25,0.125,0.0,0.9988990877192983,0.0889842208814836,2
USR-281,2,0.0612561339099832,0.9387438660900167,-0.020548641325536063,0.4166666666666667,0.25,0.08333333333333333,308.2746227275433,0.9999055925925928,0.09869001818157865,2
USR-281,3,0.46549124586102986,0.23651186988083334,0.298191701754386,0.6451612903225806,0.12903225806451613,0.06451612903225806,2.1779677836056193,0.9997224834307991,0.34109061897118426,2
USR-282,1,0.07922408325600168,0.6428635658001467,0.28138135431654676,0.20588235294117646,0.11764705882352941,0.0,2.5281374471079663,0.7240240485611511,0.32845315039571127,6
USR-282,2,0.05267353870493532,0.947326461295065,0.002553514388489209,0.14285714285714285,0.2857142857142857,0.0,0.46799795699369046,0.407642178057554,0.3946028560844012,4
USR-282,3,0.2432440125051231,0.7567559874948767,-0.006242077338129497,0.25,0.2727272727272727,0.022727272727272728,0.8199990022272771,0.44531619784172655,0.3096734343348766,3
USR-283,1,0.039867434470206665,0.9601325655297932,0.005574076923076923,0.06896551724137931,0.20689655172413793,0.13793103448275862,0.3503353219974993,0.4640500355029586,0.4097430540135535,5
USR-283,2,0.07382115197392922,0.9261788480260706,-0.0026027435897435897,0.16,0.28,0.08,0.3496780907430426,0.8798768284023666,0.34461024789024247,7
USR-283,3,0.3429235842558751,0.6322796304461977,0.02314798224852071,0.2571428571428571,0.11428571428571428,0.05714285714285714,1.4544664129166291,0.4696328579881657,0.3804665133011187,6
USR-284,1,0.12421139197491088,0.5142694186699318,0.41204315808170516,0.2222222222222222,0.2222222222222222,0.027777777777777776,0.3761711849414727,0.9305150763765543,0.23068559325525925,10
USR-284,2,0.13669780110561325,0.8633021988943865,-0.0007264316163410301,0.375,0.25,0.03125,0.29172378424867773,0.9916344724689166,0.281587359213693,7
USR-284,3,0.17642123543470453,0.7882575248293913,0.11731569804618118,0.2702702702702703,0.10810810810810811,0.13513513513513514,1.0711086365736522,0.8868685044404969,0.32300900585028347,6
USR-285,1,0.5639475574437982,0.38443411480243406,0.06039627191413238,0.45714285714285713,0.22857142857142856,0.11428571428571428,1.3117697187904434,0.8079675313059034,0.31448693530330923,3
USR-285,2,0.06237760034253682,0.8627504369533798,0.12221044901610016,0.25,0.15,0.1,6.166671921043546,1.002215969588551,0.07688795069799917,8
USR-285,3,0.2915585112838208,0.30319857978649095,0.4140693846153846,0.43243243243243246,0.08108108108108109,0.02702702702702703,0.45947269610913466,1.0026061914132378,0.31859404292627763,8
USR-286,1,0.18254175765224612,0.7381064405842827,0.08101654838709678,0.16216216216216217,0.13513513513513514,0.05405405405405406,0.6451508693392578,0.5884604365591398,0.28887939663943696,4
USR-286,2,0.19224587133673973,0.8077541286632601,0.0011551225806451613,0.20454545454545456,0.11363636363636363,0.06818181818181818,0.6178250001794442,0.6646820043010753,0.29357200171702075,8
USR-286,3,0.10238402734070168,0.8976159726592983,0.004954941935483872,0.19047619047619047,0.14285714285714285,0.047619047619047616,0.6148147404593396,0.9627085634408603,0.30481525085468414,4
USR-287,1,0.6153455475807023,0.3846544524192977,0.0013127957894736842,0.575,0.2,0.1,0.3283030012319527,0.6296057927157893,0.2723300940410473,6
USR-287,2,0.5872754943223464,0.24005664527004308,0.1726206042105263,0.723404255319149,0.3404255319148936,0.06382978723404255,1.2486928887003816,0.9980963768421053,0.28809514165793854,4
USR-287,3,0.48352312176887574,0.4507327507128243,0.07119693263157895,0.68,0.28,0.12,1.0576458593413705,1.0839721642105262,0.24743471114382276,4
USR-288,1,0.32275289482457625,0.5969454768894954,0.08209774081237911,0.2777777777777778,0.1111111111111111,0.027777777777777776,0.9948821294029407,0.34867129013539655,0.30301572130507975,6
USR-288,2,0.03596192492916076,0.7605492764863825,0.20315958027079303,0.058823529411764705,0.058823529411764705,0.058823529411764705,3.3676818213726007,0.9503276808510637,0.1329345430543689,6
USR-288,3,0.07768487399141934,0.9223151260085807,0.004000396518375243,0.21739130434782608,0.2608695652173913,0.043478260869565216,1.307975252769166,0.9437645628626691,0.23291010330116294,11
USR-289,1,0.7232195752208573,0.1359883762783151,0.14192176516634053,0.7428571428571429,0.14285714285714285,0.02857142857142857,0.5079881961400932,0.9986851604696673,0.3419023695874668,2
USR-289,2,0.4103154727699773,0.5407796872985631,0.04870125440313112,0.6956521739130435,0.2826086956521739,0.06521739130434782,0.7182010100733476,0.9961281330724068,0.3856718250016278,3
USR-289,3,0.6224535241090705,0.26005805326300874,0.11753236790606651,0.6,0.24444444444444444,0.15555555555555556,1.7545860857708222,0.999378878669276,0.22966392505652117,3
USR-290,1,0.6219751284314038,0.17344566766786026,0.21395451224489795,0.7857142857142857,0.42857142857142855,0.05357142857142857,0.6127642378593712,0.9925139693877554,0.2403743628200106,8
USR-290,2,0.5818684445807936,0.29597632241321725,0.13363818775510203,0.75,0.3392857142857143,0.03571428571428571,1.352852363192937,0.9978691374081632,0.2360006043880755,8
USR-290,3,0.6448419517381192,0.3070952893268266,0.0533408,0.6444444444444445,0.28888888888888886,0.06666666666666667,1.5884084819191482,0.9397804834693877,0.24613471249218494,8
USR-291,1,0.17405560257268998,0.4587983176928099,0.36831996491228075,0.4,0.2,0.1,1.167391411202361,0.9714222491228071,0.3264952041733233,5
USR-291,2,0.034503682158156475,0.9654963178418436,0.04299392631578947,0.17647058823529413,0.058823529411764705,0.11764705882352941,3.868492528727702,0.9448322858947367,0.2533340236631313,6
USR-291,3,0.1007991320365679,0.8992008679634322,-0.0428916754385965,0.16216216216216217,0.13513513513513514,0.08108108108108109,1.5514355313416341,0.36958916842105266,0.3500863737722984,7
USR-292,1,0.2701356506987834,0.7298643493012168,0.0058863862332695985,0.2,0.08,0.0,0.9519286807253807,0.7783734606500964,0.30008750258285116,8
USR-292,2,0.10668054815702857,0.8082259024323506,0.08375346653919694,0.2,0.175,0.175,1.0073546508649784,0.6459343728489484,0.2939604450427944,7
USR-292,3,0.45694261220392,0.503707781949934,0.03998121414913958,0.2631578947368421,0.15789473684210525,0.07894736842105263,1.217217422621067,0.6124482543021033,0.3019306044117611,6
USR-293,1,0.4625426319804046,0.3126173051579076,0.21305400530035337,0.6744186046511628,0.3023255813953488,0.046511627906976744,1.1464304092090523,0.8767461085512366,0.3473621124082401,5
USR-293,2,0.575508884243762,0.35108655272552014,0.0926159964664311,0.7538461538461538,0.3076923076923077,0.07692307692307693,0.9175871611278633,0.9962394469964667,0.2682282607433506,6
USR-293,3,0.35041969117320837,0.6495803088267915,-0.005510839222614841,0.6176470588235294,0.11764705882352941,0.0,0.4944213264244091,0.9997767206713781,0.4078792418193353,4
USR-294,1,0.130893241681741,0.8562063459285287,0.022829721470019344,0.2127659574468085,0.23404255319148937,0.06382978723404255,1.3340148098467042,0.644691497098646,0.2590393945085713,5
USR-294,2,0.1330852156484118,0.5073597107079912,0.4184840328820115,0.3076923076923077,0.23076923076923078,0.07692307692307693,1.5983402588230227,0.46990094584139275,0.32452600824134675,8
USR-294,3,0.2045672851224816,0.7954327148775183,0.027869,0.25806451612903225,0.0967741935483871,0.03225806451612903,0.5852463027662271,0.47631597485493227,0.34691828600912045,3
USR-295,1,0.14401886724633678,0.4084925263687477,0.44844392399999994,0.3157894736842105,0.21052631578947367,0.10526315789473684,0.08332149902317602,0.9869827119999999,0.2950066317202672,5
USR-295,2,0.2738021184559318,0.7261978815440684,0.011169045999999998,0.3055555555555556,0.16666666666666666,0.027777777777777776,0.5955480264036681,0.7380736960000001,0.2811176649055528,6
USR-295,3,0.11683052050498077,0.8468029946315131,0.032129002000000004,0.2631578947368421,0.05263157894736842,0.10526315789473684,1.7264407923493081,0.33708884,0.38281258399875506,7
USR-296,1,0.07032123628035117,0.9296787637196487,0.0010488579881656804,0.16129032258064516,0.16129032258064516,0.03225806451612903,1.49358536854191,0.7113408106508875,0.29504311324613036,7
USR-296,2,0.11068552029813968,0.8893144797018602,0.02368511439842209,0.2413793103448276,0.1724137931034483,0.0,3.0218936843170283,0.3229252051282051,0.3684124797932947,3
USR-296,3,0.1814833787171939,0.8185166212828062,0.08525849309664696,0.2222222222222222,0.25,0.1111111111111111,0.9828132149319435,0.3484983745956597,0.3513973641896984,4
USR-297,1,0.49892146487723843,0.26374375958506385,0.24081400965250965,0.7045454545454546,0.38636363636363635,0.045454545454545456,0.26929059355480534,0.9989462799227798,0.4138185501105723,2
USR-297,2,0.3073513021284639,0.5749897138974569,0.11705769111969111,0.4,0.12,0.04,0.6182656699624681,0.9828385868725869,0.35726331122589006,4
USR-297,3,0.1446901616260453,0.8553098383739547,0.020021835907335906,0.17307692307692307,0.15384615384615385,0.0,1.089583628849626,0.7668882876447878,0.26076062535140676,8
USR-298,1,0.19049339590665265,0.8095066040933474,0.002545516260162602,0.4444444444444444,0.05555555555555555,0.0,0.7029328128868408,0.9869406158536586,0.08784471603763844,4
USR-298,2,0.15553364829179175,0.8444663517082082,-0.0005591016260162603,0.30434782608695654,0.21739130434782608,0.08695652173913043,0.2912897534572273,0.8938874044715448,0.29134784176846745,7
USR-298,3,0.45998989918203625,0.5400101008179639,0.0015619837398373982,0.4583333333333333,0.20833333333333334,0.08333333333333333,2.1219288892271577,0.986312867886179,0.08516469797881722,4
USR-299,1,0.16571239981289201,0.8033309896292442,0.06259046218487395,0.4,0.17142857142857143,0.11428571428571428,2.7317700021845486,0.9295310756302521,0.3003083839787609,8
USR-299,2,0.22977347631844594,0.7702265236815543,-0.02753252268907563,0.4074074074074074,0.3333333333333333,0.0,5.652105936735603,0.8353850881344536,0.19650202506467845,6
USR-299,3,0.2108633248292946,0.7457235073435701,0.05194771596638656,0.4583333333333333,0.125,0.0,2.706812073351491,1.1487630302521008,0.10099052494669762,4
USR-300,1,0.04133341182158066,0.9586665881784193,0.0033694586994727593,0.15,0.15,0.25,0.5386136463233733,0.47319797715289985,0.2813765661733521,1
USR-300,2,0.20659967000561064,0.7934003299943895,0.0074071036906854125,0.21428571428571427,0.25,0.03571428571428571,0.6276827788053533,0.9266320123022848,0.3484609486830553,8
USR-300,3,0.032420722531011206,0.1168124088537577,0.8495323145869946,0.14285714285714285,0.14285714285714285,0.0,7.723850287529672,1.0064294920913883,0.5441966575522307,2
USR-301,1,0.2771006925669564,0.32691446080945896,0.4651925732368896,0.55,0.175,0.025,1.8255523744651434,0.9918327631103072,0.31136435787052774,7
USR-301,2,0.20499135605807284,0.7950086439419272,-0.016317300180831825,0.3181818181818182,0.2727272727272727,0.18181818181818182,6.060381649767805,0.9883972242314648,0.3010870768597969,7
USR-301,3,0.46406593471402113,0.2762420623249652,0.2584136998191682,0.48484848484848486,0.15151515151515152,0.06060606060606061,1.1957836796905912,0.9246224231464738,0.3140171413559829,5
USR-302,1,0.11761642468396535,0.8823835753160347,0.0013717864583333334,0.25,0.25,0.1,0.4197430390263177,0.9227898697916668,0.07719915436079276,9
USR-302,2,0.18476032858524183,0.7573111996352716,0.22015722048611114,0.3170731707317073,0.21951219512195122,0.024390243902439025,0.5622546690089592,0.21526167708333338,0.33114551045853,5
USR-302,3,0.19873467247470242,0.8012653275252976,-0.13032469270833333,0.2653061224489796,0.1836734693877551,0.08163265306122448,2.106149855967054,0.4307279756944445,0.2783621317047585,6
USR-303,1,0.1931188144714878,0.8068811855285122,0.0011874978260869565,0.34615384615384615,0.15384615384615385,0.07692307692307693,2.919064914217509,0.996034402173913,0.41406589011467804,6
USR-303,2,0.2415840484730816,0.6554695820974626,0.10665196304347827,0.2972972972972973,0.24324324324324326,0.10810810810810811,0.6628575589144321,0.9563734608695652,0.2603564264300477,8
USR-303,3,0.33471322645148144,0.6551748043975836,0.014058497826086957,0.37735849056603776,0.2641509433962264,0.03773584905660377,1.0654358265650152,0.7104345130434783,0.2940986990143639,9
USR-304,1,0.16512885106908073,0.8348711489309192,0.004388963035019455,0.6153846153846154,0.38461538461538464,0.038461538461538464,0.1137400258328774,0.99867843385214,0.04416097549402335,5
USR-304,2,0.2773224951001658,0.47831215131261207,0.24180750972762644,0.34375,0.15625,0.09375,1.570241643256133,0.9565566264591439,0.2695077901049833,4
USR-304,3,0.3135837664009525,0.5963841065075666,0.12144924708171206,0.21951219512195122,0.1951219512195122,0.07317073170731707,1.6290879460405459,0.5140575758754863,0.2840647878130275,3
USR-305,1,0.27143830112743955,0.6931127643542048,0.036274964824120605,0.24390243902439024,0.24390243902439024,0.04878048780487805,1.0797670493781422,0.5491341596817421,0.22852147431739592,10
USR-305,2,0.1264958007710325,0.873504199228967,0.057250839195979904,0.1724137931034483,0.10344827586206896,0.06896551724137931,0.9876837334484769,0.9288661909547741,0.17873699453808115,12
USR-305,3,0.1438220766841603,0.7205740167456626,0.10390803685092127,0.18421052631578946,0.07894736842105263,0.02631578947368421,0.6253742430339013,0.551655757118928,0.3096349711582497,8
USR-306,1,0.1843967048155963,0.8156032951844036,0.005875617760617761,0.16666666666666666,0.25,0.041666666666666664,4.088523099934094,0.8662224266409266,0.3516482221472995,5
USR-306,2,0.16210638499247432,0.8378936150075258,0.0035445733590733584,0.15384615384615385,0.2692307692307692,0.038461538461538464,4.965555763406723,0.8634438166023165,0.16896891560802105,8
USR-306,3,0.05289509497783016,0.9471049050221698,-0.005691254826254826,0.08,0.12,0.08,0.620398271609816,0.9358950617760617,0.31313695906356676,11
USR-307,1,0.3290708484902588,0.497473172273243,0.17470009311740892,0.40425531914893614,0.3617021276595745,0.0851063829787234,0.5241459667969418,0.6803368724696355,0.2943426695251503,3
USR-307,2,0.3287459579251432,0.3996258842499764,0.33110304453441297,0.48,0.2,0.12,0.7431809333073202,0.795080572874494,0.2740854741262209,10
USR-307,3,0.16600264654061775,0.8339973534593819,-0.0114977024291498,0.3181818181818182,0.18181818181818182,0.13636363636363635,1.070424963917681,1.009794512145749,0.1807178836474863,8
USR-308,1,0.17391827432979926,0.7489246461864347,0.07803308703374778,0.3055555555555556,0.1111111111111111,0.1111111111111111,0.3478620433376138,0.8466738134991117,0.16082440287488445,6
USR-308,2,0.23223933831958046,0.7242682004521148,0.08833480994671403,0.4358974358974359,0.3076923076923077,0.02564102564102564,1.0085225956113357,1.1250290674955596,0.43451083301284615,7
USR-308,3,0.237856705963539,0.5146470181585898,0.2319655435168739,0.32558139534883723,0.23255813953488372,0.09302325581395349,1.479292627177774,0.7273210550621669,0.28846624261339165,9
USR-309,1,0.1998033229207701,0.7413674220399528,0.08460573789649416,0.3157894736842105,0.10526315789473684,0.05263157894736842,0.6055409382749337,1.0220315700834726,0.30135978864193846,6
USR-309,2,0.45195168696092664,0.40556119683831965,0.15410805843071787,0.5135135135135135,0.25675675675675674,0.0945945945945946,0.8682837358003824,0.6471119432387311,0.3193420837112193,7
USR-309,3,0.12452164909008014,0.8754783509099201,0.00025632554257095166,0.3333333333333333,0.25,0.041666666666666664,0.3004264232181604,0.9909126794657762,0.38908382440683137,5
USR-310,1,0.6136298173254455,0.24356268111204774,0.11967682782608693,0.6388888888888888,0.19444444444444445,0.027777777777777776,0.8990999356826005,0.8297759356521739,0.43130744160871987,3
USR-310,2,0.21818857453433993,0.7818114254656603,-1.4869565217391304e-05,0.6764705882352942,0.38235294117647056,0.0,4.4135424715129865,0.9996416521739129,0.09095234458702306,5
USR-310,3,0.3018625586522764,0.6981374413477237,0.00018966260869565223,0.8076923076923077,0.3076923076923077,0.038461538461538464,4.3525233790476605,0.9994096608695652,0.1264018239645883,3
USR-311,1,0.22173048461323638,0.32534117380550187,0.4551816696750903,0.4117647058823529,0.23529411764705882,0.029411764705882353,0.6159588229435989,0.8800285577617328,0.28954049276785704,7
USR-311,2,0.23483826687251141,0.7651617331274885,-0.002565312274368231,0.47619047619047616,0.19047619047619047,0.0,0.3535116103334954,1.0025653122743683,0.45387889677630294,3
USR-311,3,0.4117930196610591,0.42864319001984047,0.1791084927797834,0.4666666666666667,0.06666666666666667,0.13333333333333333,0.5299989498574131,0.9702396083032488,0.28782768372233175,11
USR-312,1,0.7073882250014654,0.2926117749985347,0.017938094537815127,0.7333333333333333,0.2,0.05,1.429391321348312,0.9988577436974788,0.30858047377426606,6
USR-312,2,0.5752740588234384,0.37507411808087693,0.033840060924369746,0.6666666666666666,0.28888888888888886,0.022222222222222223,1.38394358224888,1.0053890578571427,0.22729049025905934,3
USR-312,3,0.48043941794493883,0.19560361480223598,0.31196704621848736,0.6,0.2,0.0,1.9208418810041938,0.9626226302521008,0.2958821637210207,3
USR-313,1,0.29856208247692206,0.4737565348265637,0.26625891319444445,0.3829787234042553,0.23404255319148937,0.0425531914893617,1.9584182199205828,0.8729713836805555,0.27042025825951244,11
USR-313,2,0.3047379775903292,0.5678902239504108,0.191038859375,0.3269230769230769,0.17307692307692307,0.038461538461538464,1.021630067308638,0.8329244565972224,0.28552071362392206,8
USR-313,3,0.2754196049063018,0.4841990706787715,0.24900684201388887,0.39215686274509803,0.19607843137254902,0.058823529411764705,1.2247882890431459,0.8251952354513888,0.25190084846385075,11
USR-314,1,0.07672046889816121,0.890442514328157,0.04914110688405797,0.25,0.175,0.125,0.26400009833432236,0.7625442644927536,0.2763180245771742,5
USR-314,2,0.08957506521613841,0.9104249347838617,-0.0038415090579710146,0.23076923076923078,0.2692307692307692,0.038461538461538464,0.4523923175564402,0.9246737971014494,0.31432995900098554,4
USR-314,3,0.054035067383542364,0.9459649326164576,-0.0016899184782608696,0.17647058823529413,0.058823529411764705,0.11764705882352941,2.264738047547057,0.922873895742754,0.07208495731483033,8
USR-315,1,0.18842948213885125,0.7269651815946827,0.11710477966101696,0.3,0.3333333333333333,0.1,0.5034608271856095,0.9976266228813562,0.28158837394267555,6
USR-315,2,0.28841534861748175,0.7115846513825183,-0.015321572033898306,0.5,0.3181818181818182,0.0,3.3925387170168233,1.0002901949152543,0.13900733417729413,5
USR-315,3,0.23378784564368144,0.48368373194964354,0.3534657881355932,0.45454545454545453,0.20454545454545456,0.09090909090909091,2.1191271159020006,0.9699613072033898,0.10354588856115647,7
USR-316,1,0.30370731704354176,0.6230141277213208,0.1064490605427975,0.43478260869565216,0.08695652173913043,0.043478260869565216,2.5141413645347552,0.8264198098956157,0.3613371487500301,1
USR-316,2,0.48409867431131626,0.515901325688684,-0.03790284759916492,0.5142857142857142,0.2571428571428571,0.14285714285714285,1.9732276878448651,0.9088667473903967,0.21044205861078302,5
USR-316,3,0.047769468748594085,0.9236604561900515,0.022516569937369522,0.23076923076923078,0.23076923076923078,0.0,18.101967846500308,0.9962253423799584,0.24409278349699987,2
USR-317,1,0.13142474000899046,0.8685752599910096,0.0017713688888888889,0.16666666666666666,0.08333333333333333,0.125,0.8087556368956895,0.8699023688888889,0.23122516388452294,8
USR-317,2,0.1676984420630321,0.8323015579369679,0.0006485844444444447,0.20512820512820512,0.15384615384615385,0.05128205128205128,0.5969836481790971,0.3546991133333333,0.34894915733881665,6
USR-317,3,0.13393989351443755,0.8660601064855625,0.003789,0.2,0.26666666666666666,0.0,7.2009598957379195,0.8665422377777778,0.07118655527034043,8
USR-318,1,0.32130249431190633,0.42707072710831007,0.2497383204225352,0.3333333333333333,0.23076923076923078,0.0,0.6488806662866948,0.9594456266901408,0.2643918701867088,7
USR-318,2,0.06223306313983641,0.9377669368601638,0.0017787112676056337,0.15555555555555556,0.13333333333333333,0.044444444444444446,0.7083353191135568,0.4685646813380281,0.3086776810469984,6
USR-318,3,0.08707097661421791,0.912929023385782,-0.00226887676056338,0.13725490196078433,0.23529411764705882,0.0784313725490196,1.2714060181972946,0.4195788433098592,0.3211584046940642,8
USR-319,1,0.18987956680904838,0.7795650511905895,0.037071914089347076,0.32142857142857145,0.21428571428571427,0.07142857142857142,0.0,0.9626885721649485,0.14873025304637266,4
USR-319,2,0.3386679834992765,0.6613320165007235,0.0008250532646048109,0.475,0.225,0.125,1.0896443561812241,0.6697667668041242,0.3353289878884327,3
USR-319,3,0.20455443096211878,0.7954455690378811,-0.0021922353951890033,0.4,0.08,0.08,0.3813581094920528,1.042948313539519,0.4099702886937987,2
USR-320,1,0.05429510847057087,0.9457048915294292,0.001851001733102253,0.2222222222222222,0.2222222222222222,0.1111111111111111,0.26407718025254495,0.9516607590987869,0.38257180517481487,5
USR-320,2,0.044199996059296025,0.955800003940704,0.0008735181975736566,0.2,0.2,0.0,0.12675914464834612,0.9972132357019062,0.4512314006435667,3
USR-320,3,0.07110394093579975,0.9288960590642005,0.0014829514731369152,0.09523809523809523,0.14285714285714285,0.047619047619047616,2.3580992142387585,0.9589708648180244,0.25889944328312725,9
USR-321,1,0.5987207425551158,0.2342741923406594,0.1680629438444924,0.6410256410256411,0.15384615384615385,0.05128205128205128,0.7166066288551483,0.9969258056155511,0.3408055290187037,2
USR-321,2,0.7247589247078817,0.16631102898854677,0.10925066306695465,0.7560975609756098,0.2682926829268293,0.024390243902439025,2.147166607109389,0.9996401987041035,0.24268037495675182,3
USR-321,3,0.6500109228909741,0.3499890771090262,-0.0005012548596112312,0.6727272727272727,0.3090909090909091,0.07272727272727272,0.972329934536356,0.9972652591792658,0.27337310256817265,6
USR-322,1,0.2900442008921127,0.5231987071119684,0.2568736397515528,0.4146341463414634,0.24390243902439024,0.07317073170731707,0.7055803480992436,0.928296360248447,0.2882848202796721,7
USR-322,2,0.4226806325919023,0.2436178563889418,0.2963208695652174,0.4074074074074074,0.18518518518518517,0.0,0.6659722268424131,0.8872802028985507,0.13883577212734105,10
USR-322,3,0.3763428633493311,0.4804486603441041,0.13781459006211183,0.40816326530612246,0.22448979591836735,0.10204081632653061,0.6780692707852148,0.6299753346169771,0.32701576789585896,6
USR-323,1,0.18342221482945412,0.8165777851705455,0.0009593745644599304,0.6086956521739131,0.34782608695652173,0.08695652173913043,0.04171304468888921,0.9986708641114987,0.013616744974551082,4
USR-323,2,0.4962807487719446,0.4025239316612764,0.1122451324041812,0.4230769230769231,0.21153846153846154,0.038461538461538464,0.8476963721608639,0.6242517613240419,0.34326901269572957,7
USR-323,3,0.19807083055534813,0.7382930489786563,0.07600266027874564,0.21311475409836064,0.21311475409836064,0.13114754098360656,1.5486693672823908,0.3940598588850175,0.293026250704815,8
USR-324,1,0.05155532163699557,0.9484446783630042,0.004483636007827789,0.13636363636363635,0.09090909090909091,0.045454545454545456,0.3825919336613729,0.8623759471624266,0.25765915399700245,7
USR-324,2,0.15019543220373704,0.849804567796263,-0.0026165499021526422,0.21739130434782608,0.17391304347826086,0.0,0.6090803256809668,0.7293806399217222,0.3037334057364656,5
USR-324,3,0.194615525406184,0.7509756171875662,0.2668889726027397,0.1702127659574468,0.19148936170212766,0.06382978723404255,1.2520014388321667,0.31249172407045006,0.29643829719897963,5
USR-325,1,0.42813518072991635,0.47935736065475243,0.09064000676818952,0.6923076923076923,0.28205128205128205,0.15384615384615385,0.06512681246331409,0.969039520947547,0.12862533960926525,4
USR-325,2,0.5136860176087529,0.391673699481059,0.09464245346869712,0.7045454545454546,0.22727272727272727,0.0,2.0410982734441614,0.998816744500846,0.3295054935684266,5
USR-325,3,0.5289753284303297,0.3514644390119059,0.11954844331641284,0.6792452830188679,0.20754716981132076,0.1509433962264151,1.0548083546562332,0.9923094111675126,0.23937548480389687,4
USR-326,1,0.4776722293500685,0.0877354219914515,0.4352443742071882,0.7567567567567568,0.24324324324324326,0.08108108108108109,0.2891019929060395,0.9988467970401692,0.3723332212374062,4
USR-326,2,0.4007347244709618,0.599265275529038,0.005905589852008456,0.6521739130434783,0.34782608695652173,0.08695652173913043,3.677699596719769,1.0000905856236786,0.21553920118773476,4
USR-326,3,0.2624794512490279,0.6707832388036999,0.06497093023255814,0.5357142857142857,0.35714285714285715,0.07142857142857142,0.49224070309018614,1.0617133615221988,0.3153579686080408,6
USR-327,1,0.4654383670374343,0.47590707418260136,0.06175956784968685,0.525,0.2,0.15,1.4892059238472821,0.9935064154488519,0.3095508385794144,6
USR-327,2,0.3376841782586051,0.36839206923728657,0.2965118559498956,0.53125,0.21875,0.09375,0.677747084917056,0.9375981774530272,0.29915377578044594,6
USR-327,3,0.33266756484067145,0.6113071361384765,0.05366150730688935,0.4444444444444444,0.2222222222222222,0.044444444444444446,0.7126139560742997,0.9864240104384133,0.3474396271458049,5
USR-328,1,0.3051895462256669,0.6948104537743331,0.001245914110429448,0.4444444444444444,0.4074074074074074,0.037037037037037035,0.16051392342020115,0.958537112474438,0.07570443872969615,11
USR-328,2,0.4051655166005576,0.5948344833994422,0.0006047321063394682,0.5526315789473685,0.2631578947368421,0.05263157894736842,1.5046213890321938,0.7936420021472397,0.2620599663835924,5
USR-328,3,0.46743763208522854,0.5325623679147712,4.709611451942726e-05,0.37209302325581395,0.3023255813953488,0.046511627906976744,0.693010076173544,0.8655843270347636,0.24458914547090205,9
USR-329,1,0.2703582675256281,0.5436869047298475,0.14355528816793894,0.21875,0.21875,0.0625,0.605837216986626,0.577900713587787,0.330484561269167,2
USR-329,2,0.2670648112031422,0.7329351887968578,-0.00023716221374045794,0.3076923076923077,0.07692307692307693,0.07692307692307693,0.603334671334836,0.9240251049618322,0.3753585014670133,5
USR-329,3,0.05715672069892471,0.9428432793010754,0.004449122137404579,0.13636363636363635,0.36363636363636365,0.045454545454545456,7.715734502754522,0.8910854611641216,0.05009078373765982,12
USR-330,1,0.06660999186789367,0.9333900081321064,0.7571193309352519,0.4,0.1,0.1,0.0,0.9976752769784173,0.019623680806029976,0
USR-330,2,0.24704598850556267,0.664764660163367,-0.6713797517985614,0.3,0.175,0.05,1.0836603761927213,0.8378969594244602,0.24128526037509768,6
USR-330,3,0.2846140200125861,0.7153859799874139,-0.0007731510791366908,0.37142857142857144,0.11428571428571428,0.14285714285714285,0.650604643220441,0.8793318712949639,0.34083102511490254,6
USR-331,1,0.30932827266310964,0.5792154547521408,0.116449900390625,0.39473684210526316,0.18421052631578946,0.02631578947368421,0.8894938226753993,0.653314673828125,0.300811039067306,8
USR-331,2,0.13823536232680908,0.5213356595987783,0.36764060546875005,0.4117647058823529,0.14705882352941177,0.029411764705882353,1.5306629107026655,1.0421129021875009,0.24113386941273715,3
USR-331,3,0.12155683471263753,0.8719333845114894,0.0031412734375000006,0.24,0.24,0.16,0.25030858912828735,0.9292232304687501,0.3177233129903477,12
USR-332,1,0.6424390834225713,0.31962961874406465,0.04160821532846715,0.7,0.2833333333333333,0.03333333333333333,0.6029154049665509,0.9643661678832118,0.2826035819705388,2
USR-332,2,0.7076068561830873,0.2923931438169129,-0.0006612226277372263,0.7073170731707317,0.24390243902439024,0.024390243902439025,0.580614776538212,0.9949529140510948,0.35459996728475507,3
USR-332,3,0.7306522954889921,0.26934770451100776,0.000139169708029197,0.7307692307692307,0.19230769230769232,0.0,1.8014473237009592,0.9898425802919708,0.26604125769312176,3
USR-333,1,0.11777220157159805,0.7734710658700115,0.11827525689655172,0.17142857142857143,0.17142857142857143,0.11428571428571428,1.280143557557614,0.7251213620689656,0.279119620903471,8
USR-333,2,0.09777896019018943,0.7955688920418954,0.09594098275862069,0.25,0.2,0.0,1.1005076850955704,0.24227487068965517,0.30849921748508474,6
USR-333,3,0.10200035699457449,0.8979996430054256,0.002583125862068965,0.16129032258064516,0.1935483870967742,0.03225806451612903,0.527998501087809,0.7789123396551723,0.33325870765051524,8
USR-334,1,0.37765649184437783,0.5599919533461482,0.06352614346895076,0.5161290322580645,0.03225806451612903,0.12903225806451613,0.8667503562473408,0.9829552012847966,0.248208631917602,3
USR-334,2,0.4928153977608413,0.4089767799342111,0.12428968736616702,0.49056603773584906,0.32075471698113206,0.03773584905660377,0.7423507426501734,0.7762920578158458,0.31684131275700556,5
USR-334,3,0.25369100413509205,0.3746993163559753,0.35971147109207713,0.34782608695652173,0.2608695652173913,0.08695652173913043,1.6175570248000573,0.9608179314775162,0.15080966101900764,5
USR-335,1,0.1758058431528014,0.8241941568471987,0.009386467625899281,0.25806451612903225,0.03225806451612903,0.0967741935483871,1.7368465234375485,0.9930682643884894,0.29135543134347286,9
USR-335,2,0.3663767812491826,0.443509110911424,0.2079551133093525,0.4583333333333333,0.1875,0.0625,1.0448776026358773,0.8761108758992805,0.2864769849402771,8
USR-335,3,0.32531480335948826,0.6511556996018564,0.032412048561151076,0.39622641509433965,0.16981132075471697,0.03773584905660377,2.0547792518996064,1.0643740863309352,0.16506777395702563,14
USR-336,1,0.12660764357672732,0.8230243123549136,0.060847229706390324,0.4166666666666667,0.3055555555555556,0.05555555555555555,3.1766542691246205,1.0717492487046631,0.3837380452609414,7
USR-336,2,0.39050663880251085,0.5557765996985272,0.05998850259067357,0.48148148148148145,0.16666666666666666,0.07407407407407407,0.971578954301214,0.8558650690846287,0.31635129009800705,4
USR-336,3,0.18985442728413923,0.7084873915159331,0.10196388428324699,0.3333333333333333,0.21212121212121213,0.030303030303030304,3.100574180882545,0.943155506044905,0.2169291214194669,8
USR-337,1,0.047195756383893867,0.9200505599714432,0.03402118582375479,0.17647058823529413,0.23529411764705882,0.0,1.4152541104138374,0.979250367816092,0.32849538967504915,4
USR-337,2,0.23174825315385864,0.7104871280193907,0.05976661111111112,0.32432432432432434,0.13513513513513514,0.05405405405405406,0.87111697281611,0.41487112068965515,0.31898900294936455,3
USR-337,3,0.22368727113550096,0.776312728864499,0.10388088314176244,0.3333333333333333,0.20512820512820512,0.10256410256410256,1.0678292602477444,0.5306170095785441,0.2503841139807538,8
USR-338,1,0.1885113245655735,0.7842689888567512,0.029031728333333333,0.1891891891891892,0.10810810810810811,0.02702702702702703,1.3444035645225405,0.6440521416666667,0.32984257727133826,5
USR-338,2,0.040836658030029796,0.9591633419699703,0.002248585,0.1111111111111111,0.16666666666666666,0.0,5.543173311124223,0.8710568516666665,0.07166199206890149,9
USR-338,3,0.16621406028820263,0.800487233096428,0.039352195,0.1388888888888889,0.16666666666666666,0.05555555555555555,0.6010902701005054,0.9840688449999997,0.30258086526559486,11
USR-339,1,0.5745227556988203,0.3690741568318729,0.06452706608695652,0.7115384615384616,0.38461538461538464,0.057692307692307696,1.1446478684846226,0.9948352539130435,0.3093547321452142,6
USR-339,2,0.5313347643190535,0.4451209864157568,0.02124321217391304,0.7659574468085106,0.2978723404255319,0.0425531914893617,1.1387896164859346,0.9873548121739131,0.3337434068348311,6
USR-339,3,0.5000110840773324,0.45420053853347203,0.047297241739130434,0.6896551724137931,0.3448275862068966,0.06896551724137931,1.2974225957291339,0.9999350330434783,0.29071210827209654,7
USR-340,1,0.16182719955398203,0.5783111454166197,0.2612803560209424,0.29545454545454547,0.2727272727272727,0.045454545454545456,1.5031727029478845,0.8672325113438045,0.30726832767376844,7
USR-340,2,0.26887328118509135,0.4438012401531568,0.28521118324607325,0.5833333333333334,0.2777777777777778,0.1111111111111111,0.360066038848156,0.6862685898080279,0.3748826470667932,3
USR-340,3,0.22447731231097093,0.7755226876890291,0.00010340314136125655,0.4,0.16666666666666666,0.0,0.5298415037381001,0.9324529895287957,0.2667509180008667,5
USR-341,1,0.13443774007312098,0.3374092815019069,0.5307315806451612,0.3235294117647059,0.29411764705882354,0.0,0.5780916648571718,0.8645516061120543,0.30213874995171075,8
USR-341,2,0.3092407412422432,0.6907592587577567,0.0005015857385398981,0.5853658536585366,0.2926829268292683,0.07317073170731707,0.45686403616573257,0.7828112818336164,0.3789307871926871,5
USR-341,3,0.2293108452016335,0.3937886068949334,0.4134175280135823,0.40625,0.09375,0.0625,0.5940783278307068,1.0045175382003395,0.3207874262598394,1
USR-342,1,0.6208301601927969,0.25745649781585,0.13537859586466167,0.6530612244897959,0.3877551020408163,0.02040816326530612,0.2717966348653073,0.9986346165413534,0.37672957133221896,5
USR-342,2,0.5867339591631011,0.2607099050005763,0.17634205263157895,0.6851851851851852,0.2962962962962963,0.05555555555555555,0.9886482605444411,0.9765912373120291,0.31423579803990853,6
USR-342,3,0.7872157485643387,0.21278425143566118,-0.00023179135338345866,0.717948717948718,0.2564102564102564,0.0,1.7002734445614254,0.773253376917294,0.19629735300300874,3
USR-343,1,0.08433725135307193,0.915662748646928,0.0032133228962818007,0.16129032258064516,0.1935483870967742,0.03225806451612903,0.6225636583262935,0.7084714109589041,0.3138962118896707,4
USR-343,2,0.12025753599301349,0.8797424640069864,0.001384960861056751,0.1951219512195122,0.12195121951219512,0.0975609756097561,1.0965499931078795,0.2824677690802348,0.3392645101963664,5
USR-343,3,0.10670356282502574,0.8182879347899442,0.07462927397260274,0.2857142857142857,0.2857142857142857,0.0,0.47791195674084075,0.49346854794520545,0.32922471291057503,3
USR-344,1,0.3354102467714347,0.5032968524973069,0.16244783243243244,0.7241379310344828,0.3103448275862069,0.0,0.27273610577265306,0.9985606828828829,0.40466523067124366,3
USR-344,2,0.7911732865651498,0.20882671343485032,6.906846846846845e-05,0.6818181818181818,0.2727272727272727,0.06818181818181818,0.6404661607913777,0.9117102276756756,0.3448989727416042,2
USR-344,3,0.8197397960015972,0.18026020399840273,-0.00013766306306306318,0.7735849056603774,0.3018867924528302,0.09433962264150944,1.9067200970764788,0.9955393639639639,0.2124021409123288,3
USR-345,1,0.07404996082091173,0.925950039179088,0.0029633292469352017,0.13793103448275862,0.20689655172413793,0.10344827586206896,0.19976226512746773,0.8872728441330997,0.19794556657613907,10
USR-345,2,0.2172026844258755,0.7827973155741246,-0.0012134203152364274,0.3333333333333333,0.2222222222222222,0.0,1.3541727570977624,0.7820836873029775,0.2199337319005337,5
USR-345,3,0.1985069899487541,0.8014930100512458,0.001046721541155867,0.30303030303030304,0.24242424242424243,0.06060606060606061,1.8233605619445605,0.45987205779334506,0.33717116438163885,4
USR-346,1,0.05263107921106782,0.31533442767789444,0.7247833363802559,0.17391304347826086,0.13043478260869565,0.0,0.14392364514510064,0.889440378427788,0.24832707316009248,9
USR-346,2,0.33819569034114305,0.48091880382820407,0.16349516453382085,0.3181818181818182,0.09090909090909091,0.09090909090909091,1.7657738758725299,1.01330760511883,0.2169949687857859,4
USR-346,3,0.29665018906315144,0.6869138568434054,0.01966663436928702,0.3695652173913043,0.1956521739130435,0.043478260869565216,0.8839809626224558,0.820955313711152,0.28274116032493346,3
USR-347,1,0.1314217136529815,0.8685782863470185,0.0014817684426229507,0.2,0.2,0.0,0.0,0.2882622949590163,0.0012419649586568025,2
USR-347,2,0.2665874805481316,0.6977271631439216,0.04030671106557377,0.35294117647058826,0.17647058823529413,0.058823529411764705,0.72401181478895,0.9490459487704919,0.24661394739697007,10
USR-347,3,0.23578121648926756,0.7642187835107326,-0.0016651946721311474,0.45454545454545453,0.22727272727272727,0.09090909090909091,2.082329759684493,0.9833175963114754,0.3229371329194702,4
USR-348,1,0.16812540626323247,0.8318745937367675,0.0036170767634854774,0.21621621621621623,0.1891891891891892,0.02702702702702703,1.387320127585119,0.4238956991701245,0.27244140786155957,1
USR-348,2,0.11846879301043745,0.6170396508719423,0.26420328008298755,0.24,0.2,0.04,1.1559283102810953,0.7049638921161825,0.3049759881600065,6
USR-348,3,0.05583868765365543,0.9441613123463447,-0.0010272053941908711,0.15789473684210525,0.3684210526315789,0.10526315789473684,6.468615389192162,0.8656957522821578,0.30129049926955104,7
USR-349,1,0.3652384210000823,0.21438291975133977,0.43200884831460673,0.5945945945945946,0.21621621621621623,0.0,0.42931519060040235,0.9989967621722846,0.3336132875821191,2
USR-349,2,0.6296243421373594,0.20859302471723973,0.1746798033707865,0.7321428571428571,0.375,0.07142857142857142,0.996878325545346,0.9907761646441934,0.22433775418141333,6
USR-349,3,0.5591224448916495,0.3428271730590688,0.1114412734082397,0.6,0.35714285714285715,0.04285714285714286,1.7668469262762134,1.0009773389513108,0.2954611503717848,5
USR-350,1,0.48117757594057964,0.25534757649599027,0.2641845711743772,0.6666666666666666,0.25,0.027777777777777776,0.06226490642264758,0.9986993096085409,0.38508891955605506,3
USR-350,2,0.3790321480973493,0.2669673070321747,0.3868031797153024,0.6428571428571429,0.34285714285714286,0.05714285714285714,0.7444896054571256,0.9869217224199288,0.371799368820288,6
USR-350,3,0.5762275403596766,0.42377245964032334,3.0231316725978746e-05,0.6530612244897959,0.3469387755102041,0.04081632653061224,1.5472679306226054,0.9981214163701069,0.3290106029297739,4
USR-351,1,0.3720916382934539,0.5253300931499646,0.10089656890459363,0.6,0.25,0.075,0.17709827502530873,0.9708673922261486,0.18940182532767683,3
USR-351,2,0.3218016984983963,0.6179113844654037,0.06664256537102473,0.5882352941176471,0.39215686274509803,0.0392156862745098,0.4018352847946347,0.9995007402826855,0.2846195627460459,8
USR-351,3,0.4404510542339572,0.32195527155056897,0.27306169081272086,0.6333333333333333,0.3333333333333333,0.03333333333333333,1.7947834839179042,0.9997431042402827,0.127179722589874,7
USR-352,1,0.11277240984361905,0.8872275901563808,0.11977829241877257,0.15625,0.09375,0.03125,0.6923477425962115,0.4906569799999991,0.36623332293164806,8
USR-352,2,0.17849963822671494,0.821500361773285,-0.10876216245487365,0.3333333333333333,0.08333333333333333,0.027777777777777776,0.3828192446545578,0.7611339819494585,0.3664048961326479,7
USR-352,3,0.07429110836926905,0.9257088916307311,-0.00808403429602888,0.1282051282051282,0.1794871794871795,0.07692307692307693,0.8170427323810597,0.4680842220216607,0.3617111365085683,6
USR-353,1,0.07726014197133116,0.8847766513230899,0.18730909808102347,0.22727272727272727,0.13636363636363635,0.045454545454545456,0.836402461451091,1.0155555884861407,0.06335726058887585,7
USR-353,2,0.4563193920585991,0.543680607941401,0.004975716417910445,0.5789473684210527,0.10526315789473684,0.07894736842105263,1.8065714736966219,1.1353769978678037,0.26174918110934153,8
USR-353,3,0.19590574491971435,0.5097478504864251,0.32693382942430704,0.5263157894736842,0.05263157894736842,0.05263157894736842,2.161194712881935,1.0944165251172713,0.6046336052252719,1
USR-354,1,0.2752470134178234,0.45877362245576536,0.3080554487427466,0.40476190476190477,0.11904761904761904,0.047619047619047616,1.4071021871495764,0.9813832475822052,0.3107417823089039,9
USR-354,2,0.038440528194331074,0.961559471805669,-0.0030649264990328822,0.18181818181818182,0.18181818181818182,0.0,6.616103476485293,0.9805808858800775,0.013375822328136184,5
USR-354,3,0.5413686130276638,0.40696151943434244,0.05553925725338492,0.5102040816326531,0.14285714285714285,0.061224489795918366,0.8971243736728259,0.9192087309864593,0.26757819119592113,4
USR-355,1,0.05358133982422543,0.9041690560115523,0.13573528675136115,0.09523809523809523,0.14285714285714285,0.0,0.7120061781306031,0.9585441705989111,0.36169819801150843,6
USR-355,2,0.09597876051851237,0.9040212394814877,-0.07862603629764064,0.21428571428571427,0.10714285714285714,0.10714285714285714,0.3249119127547519,1.0500757078039926,0.32905681992914165,11
USR-355,3,0.027111919521176333,0.9728880804788236,-0.013512009074410162,0.041666666666666664,0.125,0.08333333333333333,5.3282828868715715,1.0086966969147004,0.06724216008844949,11
USR-356,1,0.037994326061545056,0.962005673938455,0.03219001872659176,0.07894736842105263,0.10526315789473684,0.02631578947368421,0.4983040594113326,1.0602990692883894,0.18345685290422548,15
USR-356,2,0.044169267324731636,0.6562390950784496,0.27776224157303375,0.1,0.13333333333333333,0.03333333333333333,1.0106238263239502,0.8495288970037452,0.3368437540476674,5
USR-356,3,0.036898413614637235,0.9631015863853627,0.0002409082397003745,0.1,0.15,0.0,0.4082691091723738,0.9840703951310862,0.4040644449865028,3
USR-357,1,0.11582781575973299,0.8539533096906166,0.029040106032906764,0.3157894736842105,0.21052631578947367,0.0,0.19419819092993076,0.8423665874954286,0.04118494957305292,5
USR-357,2,0.1214016426204275,0.6578851784006435,0.21945712065813527,0.375,0.25,0.0625,3.079816212283007,0.9774917568555759,0.16744511590179362,5
USR-357,3,0.5147005042229726,0.48529949577702725,0.0008994076782449726,0.5416666666666666,0.25,0.020833333333333332,0.8155835021386113,0.6667230694698355,0.32366389284283403,5
USR-358,1,0.1640420341498018,0.7810025042520342,0.05987206445993032,0.2,0.08888888888888889,0.13333333333333333,0.7353390986000786,0.5178948850174216,0.26400875676266083,5
USR-358,2,0.043174424887873604,0.854088789895193,0.1040790487804878,0.11764705882352941,0.17647058823529413,0.11764705882352941,0.8979052824349675,0.9622043693379791,0.3769161060209167,6
USR-358,3,0.057505119032915684,0.8896195174510941,0.08856098954703832,0.15151515151515152,0.15151515151515152,0.06060606060606061,4.162054812136947,0.9517962229965158,0.14500751074009247,15
USR-359,1,0.740322866893947,0.25967713310605295,0.0029119421841541757,0.8387096774193549,0.3870967741935484,0.11290322580645161,0.9264528919302962,0.9968008779443254,0.3368240595853298,6
USR-359,2,0.3947221021416738,0.567252471590363,0.045993824411134906,0.6,0.36923076923076925,0.046153846153846156,2.0395230792725045,1.0002708822269806,0.1752506362494693,8
USR-359,3,0.5666163931831469,0.4271624371120648,0.011052884368308351,0.6891891891891891,0.2702702702702703,0.06756756756756757,0.7549973846041651,1.0006820299785868,0.09889595081675916,8
USR-360,1,0.6803888923912738,0.31961110760872613,0.0011662351816443593,0.7446808510638298,0.23404255319148937,0.02127659574468085,0.7419058036846136,0.9980753479923519,0.3049739823408816,3
USR-360,2,0.2818842041081558,0.7181157958918443,0.006239286806883365,0.75,0.39285714285714285,0.03571428571428571,1.1961422165189948,0.9995067896749521,0.25569749602351766,3
USR-360,3,0.4527448226485829,0.5472551773514169,-0.0062176156787762905,0.62,0.32,0.08,0.9858979284004021,1.0006076175908223,0.23125894187758544,7
USR-361,1,0.5918842379181769,0.4081157620818232,0.0009148948306595366,0.7894736842105263,0.15789473684210525,0.05263157894736842,1.658757488618915,0.9975787556506228,0.39575672970508413,2
USR-361,2,0.2722033637136014,0.7277966362863986,0.00018914973262032072,0.7105263157894737,0.2631578947368421,0.02631578947368421,0.3420048932985732,0.9998108520499108,0.38396019121168684,2
USR-361,3,0.42030717932451295,0.554190844288828,0.03707142067736185,0.7,0.42,0.02,3.004664940001801,0.9984980855614973,0.19321511460484775,5
USR-362,1,0.4390116300955653,0.4012539504036738,0.1619792294736842,0.42105263157894735,0.21052631578947367,0.05263157894736842,1.5264791862413989,0.9660484231578947,0.32682463300389447,4
USR-362,2,0.32370453088626805,0.647850541026986,0.09093414105263159,0.4222222222222222,0.13333333333333333,0.06666666666666667,1.794203138193932,0.5787776715789473,0.33275893123010053,5
USR-362,3,0.3113413503039258,0.4585847529509616,0.18971094947368422,0.4482758620689655,0.3448275862068966,0.06896551724137931,0.6001016810065908,1.072982223157895,0.32055822047486787,4
USR-363,1,0.7878091748149757,0.21219082518502433,0.001065477186311787,0.7543859649122807,0.40350877192982454,0.0,0.2917760441955681,1.0652272851711027,0.288459658486633,8
USR-363,2,0.28612657896115806,0.713873421038842,0.0038778060836501898,0.48484848484848486,0.36363636363636365,0.09090909090909091,0.7571486081599818,0.9278016646768062,0.20746075935938707,9
USR-363,3,0.03402475308469921,0.9278924694581699,0.04459605893536122,0.125,0.25,0.0,29.155032028730602,0.9981207965779467,0.011397354290276256,5
USR-364,1,0.16895362987360912,0.709429212768199,0.11188627801724138,0.23076923076923078,0.23076923076923078,0.038461538461538464,0.7626850075614123,0.7869147943534484,0.28590449799661927,7
USR-364,2,0.48067025482745,0.46865349551976193,0.04840558405172414,0.4583333333333333,0.16666666666666666,0.0,0.6814064601274591,0.7843841024568965,0.3839768645472876,4
USR-364,3,0.45086576100528786,0.549134238994712,0.0019931422413793105,0.5161290322580645,0.1935483870967742,0.06451612903225806,1.5340642584213637,0.8664327821551713,0.29101384890110527,5
USR-365,1,0.8629978510453127,0.13700214895468715,0.0010176249999999999,0.835820895522388,0.31343283582089554,0.04477611940298507,1.974344990595759,0.9980983428571428,0.366384095145875,5
USR-365,2,0.35219900076184657,0.6478009992381535,3.067678571428571e-05,0.8125,0.3333333333333333,0.020833333333333332,0.5234280603363128,0.9998101767857142,0.31132476676505316,4
USR-365,3,0.28517290371270154,0.17232738243824453,0.5424769589285715,0.5769230769230769,0.2692307692307692,0.07692307692307693,0.4996762980290184,1.0000497375000001,0.44429678820220886,3
USR-366,1,0.07194245225027028,0.9280575477497296,0.0038573855855855857,0.2631578947368421,0.21052631578947367,0.10526315789473684,0.18475125198568818,0.9342458936936934,0.33570552901954465,5
USR-366,2,0.1285469928921373,0.7860383180343519,0.09003339099099099,0.15151515151515152,0.21212121212121213,0.15151515151515152,1.8519463057710612,0.6537211477477478,0.2592963646114871,6
USR-366,3,0.13849759467897124,0.8615024053210288,-0.014108036036036038,0.15384615384615385,0.11538461538461539,0.038461538461538464,0.4203274256244593,0.8434421989549549,0.31918576886697525,11
USR-367,1,0.4922521340650336,0.37727950197228816,0.14419938104838712,0.6923076923076923,0.3269230769230769,0.07692307692307693,1.4034373493388363,0.9987496854838709,0.3350339344741405,5
USR-367,2,0.35901102321084205,0.36395666451506425,0.280309685483871,0.5925925925925926,0.3333333333333333,0.037037037037037035,1.736755222591634,0.9998674758064517,0.34178130250523003,2
USR-367,3,0.25372472958318354,0.7212765447544753,0.02523789112903226,0.42857142857142855,0.35714285714285715,0.07142857142857142,0.7299042166464437,0.9994295120967742,0.3494054549344834,6
USR-368,1,0.09226612275438766,0.8791324391975585,0.032409771480804386,0.1875,0.1875,0.0625,0.33703141690795424,0.9713701901279709,0.06919735829316112,6
USR-368,2,0.094158776523757,0.9058412234762431,0.003650795246800732,0.2916666666666667,0.20833333333333334,0.041666666666666664,0.4333297594965652,0.7620272120658136,0.34043650860293406,2
USR-368,3,0.08399565507293112,0.9160043449270691,-0.005520696526508226,0.2692307692307692,0.15384615384615385,0.038461538461538464,4.636681152597163,0.6796140365630714,0.157173746289041,2
USR-369,1,0.10455856675149824,0.8954414332485018,0.0010823448873483535,0.18518518518518517,0.18518518518518517,0.0,0.43702277468945544,0.849937034662045,0.12145782795882963,8
USR-369,2,0.11033746127927284,0.8896625387207273,0.0008671230502599654,0.1111111111111111,0.26666666666666666,0.044444444444444446,1.3937198575497778,0.3429186395147314,0.2829668199611484,6
USR-369,3,0.17145354140486457,0.8285464585951355,0.004362464471403813,0.18181818181818182,0.14545454545454545,0.09090909090909091,1.3873600890689677,0.28307903119584055,0.29728114575545533,7
USR-370,1,0.07228222654149467,0.9277177734585053,0.13146430985915494,0.15384615384615385,0.11538461538461539,0.038461538461538464,0.45631636928777386,0.8692291292957747,0.06706089613431938,9
USR-370,2,0.19294472655110445,0.7704731257531379,-0.08308085915492958,0.26,0.24,0.06,1.4124996394357616,0.2205893327464789,0.37968447893569524,4
USR-370,3,0.10762657703164433,0.8923734229683556,-0.0016451919014084508,0.13636363636363635,0.2727272727272727,0.09090909090909091,0.42924553807021065,0.9679208855633803,0.36623498288162754,6
USR-371,1,0.10310338730227585,0.7573730915933714,0.14275561165048545,0.1875,0.21875,0.0625,1.6554516460113238,0.5831701922330097,0.28388244268091434,7
USR-371,2,0.04421988216109395,0.8321499885216945,0.16674528932038835,0.13793103448275862,0.20689655172413793,0.10344827586206896,0.6031854608399551,0.9703483805825243,0.3512453564554539,9
USR-371,3,0.36346632518190153,0.5398147820356888,0.07361881165048544,0.29545454545454547,0.20454545454545456,0.045454545454545456,0.8976724862848157,0.7128941728155339,0.29256206683814806,6
USR-372,1,0.4272398840812357,0.43918191056167544,0.1345363655536028,0.3953488372093023,0.18604651162790697,0.046511627906976744,1.1507814049508862,0.806695866397188,0.28712979703296454,10
USR-372,2,0.40129196980949966,0.5411742501985631,0.05769303514938488,0.5789473684210527,0.15789473684210525,0.10526315789473684,1.2181984500328953,0.7326156660808437,0.2634838806958816,6
USR-372,3,0.2352366618316753,0.35395465054837827,0.41102929876977146,0.475,0.2,0.025,0.5461620983413722,0.8894720105448155,0.324125965943637,8
USR-373,1,0.2331822450094904,0.7668177549905095,0.001087322448979592,0.71875,0.3125,0.03125,0.01805996726470023,0.998785036734694,0.07370798090325296,7
USR-373,2,0.5464119088471366,0.45358809115286325,0.0003220183673469388,0.7222222222222222,0.3888888888888889,0.037037037037037035,1.3018707246287158,0.9990327836734695,0.26497150750165416,3
USR-373,3,0.82861682501727,0.13206545364054373,0.03922894081632654,0.8285714285714286,0.2857142857142857,0.05714285714285714,0.6494451457063924,0.9997903693877552,0.2872272263849791,2
USR-374,1,0.07346117526146637,0.6184832193571975,0.3087982397769517,0.1875,0.125,0.0625,0.2895207160021339,0.8711950371747211,0.29099370006036573,6
USR-374,2,0.11450372185075224,0.8854962781492476,0.04672770074349442,0.2857142857142857,0.14285714285714285,0.0,0.26042345974833536,0.9576246449814128,0.36871800153064743,6
USR-374,3,0.15751850360774156,0.8424814963922587,-0.046401141263940515,0.16666666666666666,0.05555555555555555,0.08333333333333333,1.3227254730829499,0.3619222620817844,0.3525266727554688,5
USR-375,1,0.3497144336125971,0.6502855663874029,0.008934379928315412,0.23255813953488372,0.13953488372093023,0.023255813953488372,0.7684470384975,0.4174882419354838,0.32652095930928626,6
USR-375,2,0.11792560455367321,0.8820743954463268,-0.006022519713261648,0.1111111111111111,0.1111111111111111,0.05555555555555555,9.710495686204926,0.9342681290322581,0.05634508861435264,11
USR-375,3,0.12975960290653296,0.8702403970934671,0.001509510752688172,0.17142857142857143,0.22857142857142856,0.17142857142857143,0.5802135753954325,0.7853184802867383,0.3055456157676828,8
USR-376,1,0.8030461753102236,0.1969538246897763,0.0012885920303605312,0.7931034482758621,0.3103448275862069,0.10344827586206896,0.2038303594554321,0.5453321629981025,0.09388465646830185,5
USR-376,2,0.5600685092141795,0.1910988992917848,0.2486061385199241,0.7317073170731707,0.36585365853658536,0.07317073170731707,1.4845434414429959,1.0003014629981026,0.3836352533323811,2
USR-376,3,0.6278577013487545,0.24708981778603184,0.130886275142315,0.7380952380952381,0.23809523809523808,0.09523809523809523,1.9338104768275894,0.936728845028463,0.12295543015422772,9
USR-377,1,0.29040125170122727,0.7095987482987727,0.0013960296684118673,0.7647058823529411,0.35294117647058826,0.029411764705882353,0.06293753810989335,0.9991008883071552,0.3034586923161826,7
USR-377,2,0.5856352316627634,0.41436476833723623,0.0011858883071553228,0.7428571428571429,0.17142857142857143,0.02857142857142857,0.924054826166595,1.0004115584642237,0.3541265052560426,2
USR-377,3,0.33942496275129685,0.6143688100277441,0.044758783595113434,0.6216216216216216,0.2972972972972973,0.08108108108108109,0.47440912633495097,0.9993022844677137,0.3242181212816193,5
USR-378,1,0.1626929662420759,0.6979103812522273,0.14066562080536912,0.46153846153846156,0.19230769230769232,0.038461538461538464,3.535086887357557,0.9884685268456377,0.44128504538373736,3
USR-378,2,0.1989222946311193,0.5224475928356669,0.2918021560402685,0.34782608695652173,0.21739130434782608,0.10869565217391304,0.8260721589079829,0.8393638422818792,0.2857408596457213,8
USR-378,3,0.3040815945786889,0.6473654333904467,0.045793456375838926,0.3269230769230769,0.21153846153846154,0.038461538461538464,0.8625932336902129,0.7828921223489924,0.29739934591852274,8
USR-379,1,0.4566610069935266,0.5433389930064735,0.003693769523809524,0.6060606060606061,0.45454545454545453,0.12121212121212122,0.16598150179041038,0.8801027915047617,0.05852132047307419,6
USR-379,2,0.6833211921560524,0.26573803734808715,0.05596350285714285,0.6923076923076923,0.19230769230769232,0.057692307692307696,1.0020890129422046,0.9820027979428563,0.2943999927161723,4
USR-379,3,0.348979192419077,0.5437320468050351,0.10719486095238095,0.8,0.3,0.06666666666666667,3.2019011543198967,0.9985516266666666,0.12158207469958097,4
USR-380,1,0.1794544269569017,0.7290930113693274,0.11566801814882033,0.36,0.12,0.08,0.23144821972765003,1.0923405335753176,0.08720045450566616,6
USR-380,2,0.39782924969896033,0.6021707503010396,-0.003329644283121598,0.20512820512820512,0.10256410256410256,0.07692307692307693,1.056080393637898,0.8243079219600725,0.24076264596426172,11
USR-380,3,0.0922885425261376,0.9077114574738624,-0.006018263157894737,0.16666666666666666,0.2,0.06666666666666667,0.6182481902204013,0.8177440617059891,0.3229091679371792,9
USR-381,1,0.09204239722068781,0.9079576027793124,0.0029686190476190476,0.22727272727272727,0.09090909090909091,0.13636363636363635,0.32334702548510175,0.9300084696969697,0.13260485955025667,4
USR-381,2,0.047850555125717675,0.9521494448742824,-0.0009826731601731604,0.11764705882352941,0.2647058823529412,0.029411764705882353,1.5953318613382275,0.9455286481385281,0.2749799157463973,7
USR-381,3,0.09848221860965357,0.8458115521389201,0.07032940476190476,0.1111111111111111,0.1111111111111111,0.0,3.0415666827035337,0.7149320316017316,0.2298814093735063,8
USR-382,1,0.237378325222974,0.7626216747770259,0.002232154875717017,0.5769230769230769,0.34615384615384615,0.11538461538461539,0.07932151447848838,0.9985726080305928,0.4232636592805261,3
USR-382,2,0.6521069608391209,0.2359804860870176,0.13031837858508602,0.7205882352941176,0.3235294117647059,0.07352941176470588,0.8283679862016468,1.1486662045889102,0.27622269401085703,3
USR-382,3,0.4078189277383378,0.5921810722616622,0.00021313957934990444,0.8181818181818182,0.3333333333333333,0.06060606060606061,0.37357721309786196,0.9989016309751435,0.4511538436876409,2
USR-383,1,0.3275994687534481,0.6104568962450788,0.059939975925925926,0.6666666666666666,0.3939393939393939,0.06060606060606061,0.1548091007537849,0.9512480424444454,0.3834514617500388,4
USR-383,2,0.20764190148666078,0.5289678394725008,0.32377333703703703,0.65,0.4,0.05,4.773700329437974,0.9987545888888889,0.020881194026626696,9
USR-383,3,0.32657122188273974,0.04702645733873036,0.5604668240740741,0.8214285714285714,0.21428571428571427,0.03571428571428571,1.4646418640042964,0.9240657961481472,0.4184638226210063,2
USR-384,1,0.18501457150576023,0.35998255283042496,0.45066067898832685,0.26666666666666666,0.23333333333333334,0.0,0.6420149989001753,0.8607403461478589,0.23217764227966617,4
USR-384,2,0.2560006303638101,0.7439993696361898,0.1409319941634241,0.21739130434782608,0.15217391304347827,0.021739130434782608,0.7141721165943787,0.46838870093385265,0.24993526277979547,7
USR-384,3,0.20760700482990202,0.792392995170098,-0.13566646498054474,0.2037037037037037,0.2222222222222222,0.09259259259259259,0.5429154930647856,0.4865274669260701,0.347838071490467,6
USR-385,1,0.21849631416082757,0.7815036858391726,0.0737501443298969,0.28205128205128205,0.3076923076923077,0.1282051282051282,0.732134758130542,0.4857651587628865,0.3432172362229647,9
USR-385,2,0.30254718678092657,0.6560689322249406,-0.02749109278350515,0.18181818181818182,0.20454545454545456,0.06818181818181818,1.325098400397098,0.5107500905567,0.36613938186940914,5
USR-385,3,0.07114843103149507,0.928851568968505,-0.002189465979381443,0.13636363636363635,0.22727272727272727,0.045454545454545456,0.3367357774406416,0.9408109896907216,0.40670276807099814,6
USR-386,1,0.15294362767905553,0.8470563723209447,0.0033205739130434783,0.42105263157894735,0.2631578947368421,0.0,0.0,0.9887773956521738,0.3388470078107101,4
USR-386,2,0.14101597685773012,0.7190437264505857,0.15406851956521742,0.34782608695652173,0.13043478260869565,0.0,1.0182221375441862,0.9963910891304347,0.17244652016085238,6
USR-386,3,0.3408775375070104,0.6100800595494913,0.048704219565217394,0.3548387096774194,0.2903225806451613,0.0,3.0331886748949524,0.9736710795652171,0.14079965394366142,4
USR-387,1,0.09811158239549976,0.8453437748879762,0.0661317227074236,0.19444444444444445,0.19444444444444445,0.027777777777777776,0.5232989562689393,0.3880630874235807,0.27495684618306493,12
USR-387,2,0.21561041701416792,0.7843895829858318,-0.002870751091703057,0.34210526315789475,0.13157894736842105,0.07894736842105263,0.42601569226682,0.4338039366812227,0.30497677839803855,5
USR-387,3,0.1851235720193981,0.8148764279806019,0.008864471615720524,0.22580645161290322,0.12903225806451613,0.16129032258064516,0.8266153626300904,0.6372980720524019,0.2980252762805565,6
USR-388,1,0.5371134381775177,0.14548096856091183,0.4221283995859213,0.7777777777777778,0.4027777777777778,0.09722222222222222,0.44725573685998166,0.9894509066666654,0.19648861730109432,7
USR-388,2,0.6188789004348602,0.38112109956513973,-0.0009145693581780538,0.8235294117647058,0.3235294117647059,0.029411764705882353,0.8396924279683509,0.9975463395445135,0.23945342972579722,4
USR-388,3,0.5947484347154841,0.25799568469917644,0.15553225879917182,0.6739130434782609,0.21739130434782608,0.06521739130434782,2.7247320467587572,0.9996545693581781,0.21755546302687204,6
USR-389,1,0.0938530351127434,0.9061469648872565,0.006207515947467167,0.13333333333333333,0.2,0.0,0.23821927136623797,0.9042620150093809,0.08089248328216565,7
USR-389,2,0.1113833814246567,0.853427353676305,0.031160872420262668,0.25,0.0,0.0,10.055968706275282,0.9697525028142588,0.05490013971574813,5
USR-389,3,0.16093072954401194,0.46467394219469815,0.3745963058161351,0.21428571428571427,0.17857142857142858,0.07142857142857142,0.40819379727215926,0.7346343264540338,0.32892582374112017,5
USR-390,1,0.35757678084701117,0.30531759332312847,0.33746789221556883,0.6744186046511628,0.32558139534883723,0.06976744186046512,2.660855018713514,0.995438572055888,0.4210101137012786,4
USR-390,2,0.6022108689656309,0.294447653128542,0.10339146506986027,0.6756756756756757,0.1891891891891892,0.0,1.0809504340538107,0.9989040738522953,0.21390863668679352,4
USR-390,3,0.2810083638276969,0.7189916361723028,-0.00017876447105788436,0.7333333333333333,0.3333333333333333,0.06666666666666667,3.4615907076205112,1.1368157964071859,0.0563897341474647,6
USR-391,1,0.06712773915657888,0.9328722608434209,0.0029148232044198894,0.23076923076923078,0.15384615384615385,0.0,0.03414148831462845,0.9916906611418049,0.40152321471184627,4
USR-391,2,0.14464698455866648,0.6984616719377812,0.15536012523020257,0.18518518518518517,0.2222222222222222,0.07407407407407407,0.5918403789786207,0.8703432725598527,0.27953634392194193,11
USR-391,3,0.10277939912945011,0.89722060087055,0.00045694290976058946,0.4666666666666667,0.13333333333333333,0.06666666666666667,0.11540921138215589,0.9880646924493554,0.4452671381070958,3
USR-392,1,0.3718242090079911,0.15818605027702726,0.47052217726396917,0.6551724137931034,0.3793103448275862,0.06896551724137931,0.5601347667126648,0.998569564547206,0.3732698879175446,3
USR-392,2,0.48110620897622336,0.5188937910237762,0.0003574200385356455,0.6428571428571429,0.30952380952380953,0.09523809523809523,0.8130525264293468,0.9996381830443163,0.1677995908778444,7
USR-392,3,0.23139925198421982,0.46194009869404423,0.32053715606936417,0.6052631578947368,0.34210526315789475,0.05263157894736842,0.8677065214305901,1.0003564643545282,0.26838123312669276,6
USR-393,1,0.3036223911617248,0.5761883342346568,0.1399454502617801,0.34210526315789475,0.15789473684210525,0.0,1.177885709253376,0.9662732565445026,0.27014015502722527,8
USR-393,2,0.2608034303236113,0.5527339305236363,0.19134678010471204,0.39655172413793105,0.22413793103448276,0.06896551724137931,0.9709763632119401,0.8221502529144845,0.2670410421051098,7
USR-393,3,0.2332503031147871,0.756078688051589,0.01901953577661431,0.39285714285714285,0.17857142857142858,0.10714285714285714,1.9895960047932848,0.8929485043630015,0.1342281492408929,8
USR-394,1,0.3215183203590569,0.66129756336217,0.12443870149253733,0.6530612244897959,0.40816326530612246,0.061224489795918366,0.39825801653264825,0.9988786175373133,0.30540263240050036,3
USR-394,2,0.7822007102210548,0.168874548710909,-0.05374688432835822,0.6730769230769231,0.2692307692307692,0.07692307692307693,0.682549872862093,1.0221704029850747,0.3659078832818053,3
USR-394,3,0.4617821437842247,0.16533735684366277,0.3727382649253731,0.7111111111111111,0.2,0.1111111111111111,4.349447663918307,0.9990337388059701,0.29320620638902917,5
USR-395,1,0.20819075098240897,0.7433260784344553,0.06145745628997869,0.5714285714285714,0.3333333333333333,0.047619047619047616,0.06816927752097691,0.9985407995735609,0.4483414613809287,3
USR-395,2,0.10345282485801334,0.8965471751419867,-0.009481842217484009,0.46153846153846156,0.23076923076923078,0.07692307692307693,12.471628645436052,1.0058687718550108,0.007790919360530958,3
USR-395,3,0.2551827608585199,0.7448172391414801,0.0002276439232409383,0.4444444444444444,0.2222222222222222,0.0,102.88064529168,0.9995518102345416,0.1458884647380388,2
USR-396,1,0.04760033661914762,0.9523996633808524,0.0017971242603550296,0.2,0.1,0.0,9.012263455709585,0.9863642800788955,0.4481325276390508,4
USR-396,2,0.16423823054824696,0.8060732336134863,0.029133680473372784,0.22580645161290322,0.1935483870967742,0.06451612903225806,0.881638697934031,0.753136865877712,0.3012136027750526,4
USR-396,3,0.042017558986486715,0.9579824410135132,0.0025631420118343196,0.14285714285714285,0.14285714285714285,0.0,1.5747035685268882,0.9953021400394478,0.21769792479647826,2
USR-397,1,0.155730309647639,0.844269690352361,0.08107787477313975,0.1956521739130435,0.08695652173913043,0.043478260869565216,0.7961262024744583,0.3405027467150634,0.29786979875607095,7
USR-397,2,0.05157682961319351,0.9484231703868063,-0.07582414882032669,0.13636363636363635,0.13636363636363635,0.13636363636363635,4.762535438742295,0.9517503393829402,0.11468450272333242,6
USR-397,3,0.16891944477816662,0.7276997728762882,0.101933277676951,0.2222222222222222,0.037037037037037035,0.0,1.3891538443216649,0.6795198656987296,0.23508556582882909,5
USR-398,1,0.5605594316485389,0.415268133819457,0.025335266787658805,0.7111111111111111,0.26666666666666666,0.1111111111111111,1.5423514917530365,0.9974376279491833,0.3292807488860231,5
USR-398,2,0.3498239850887516,0.41866794476108765,0.23152919782214157,0.7380952380952381,0.2857142857142857,0.07142857142857142,1.1052961242110257,0.9999725099818513,0.3517190423946151,3
USR-398,3,0.5048085431539527,0.459812281379031,0.03213307985480944,0.725,0.35,0.025,2.7521961209561225,0.9052145900544455,0.23662910784015845,2
USR-399,1,0.386765079013055,0.6132349209869451,0.007828580041580041,0.3611111111111111,0.19444444444444445,0.08333333333333333,1.1173133948512484,0.9865913214137214,0.185192465843616,11
USR-399,2,0.25252506444004447,0.4114649772573881,0.33344705613305614,0.4,0.2,0.06666666666666667,0.5557447355132835,0.9343375966735966,0.3360370016392103,5
USR-399,3,0.43472191437449886,0.44782402999155435,0.10045142203742204,0.4827586206896552,0.1724137931034483,0.0,0.8956944057729402,0.863705370977131,0.37573786245820817,4
USR-400,1,0.22640811398325197,0.7735918860167479,0.002576193423597679,0.16,0.24,0.04,2.913789449388239,0.9101323810444875,0.3643484729125209,7
USR-400,2,0.20389131482667378,0.7961086851733261,-0.00040145067698259187,0.22857142857142856,0.2857142857142857,0.02857142857142857,0.531823937292774,0.7520248549323018,0.3206934789397862,9
USR-400,3,0.12371451155800674,0.7737856930340621,0.17693549323017407,0.1111111111111111,0.2222222222222222,0.1111111111111111,1.243078585990443,0.49983467891682787,0.3195493134174188,6
USR-401,1,0.47231785074538507,0.5124419739495448,0.015559755769230767,0.7419354838709677,0.1774193548387097,0.08064516129032258,1.1586163635750193,0.9993437352564102,0.4052319383976988,3
USR-401,2,0.40893403058196287,0.48766097838529215,0.11216471025641024,0.6991150442477876,0.26548672566371684,0.04424778761061947,0.8770500261581493,0.4628396583333334,0.3216881404222017,10
USR-401,3,0.2725785498263399,0.5595718844517706,0.18055047179487183,0.6301369863013698,0.2328767123287671,0.0958904109589041,0.37434501897147415,0.9859206618974359,0.31499447317250173,12
USR-402,1,0.36786437513545356,0.5036879631861759,0.14208112294617564,0.5754716981132075,0.25471698113207547,0.07547169811320754,1.0753894309591474,0.9099845444305944,0.32057828265666116,11
USR-402,2,0.40898047025720224,0.5910195297427976,-9.28045325779043e-07,0.7252747252747253,0.24175824175824176,0.12087912087912088,1.4926829099475767,0.5153699439093485,0.38246109173872916,6
USR-402,3,0.26316120684638283,0.4655497736402526,0.2916180271954674,0.6282051282051282,0.3333333333333333,0.038461538461538464,0.3302779490672728,0.9977340215297449,0.29653044483637836,8
USR-403,1,0.15663666283612643,0.5085718749535131,0.3186271036428938,0.45901639344262296,0.11475409836065574,0.09836065573770492,0.5096454500948414,0.42221432272960496,0.3592852290025032,4
USR-403,2,0.2317478644110638,0.7393709836326411,0.030404791688045146,0.4520547945205479,0.1643835616438356,0.0821917808219178,0.6960618171150768,0.5019310071831709,0.3643150640768258,6
USR-403,3,0.1634255320125723,0.7206751892866626,0.11230819753719856,0.3968253968253968,0.14285714285714285,0.06349206349206349,1.4995286611604262,0.25125684812724475,0.3802793860681155,9
USR-404,1,0.07204777751514464,0.7991735841939817,0.13121664724660814,0.14893617021276595,0.0851063829787234,0.02127659574468085,0.3046740477625627,0.24345169992019156,0.3823055952008592,10
USR-404,2,0.056667798710104286,0.8780305611655823,0.0654996073423783,0.16666666666666666,0.1111111111111111,0.08333333333333333,0.5074943173694422,0.7581556560255388,0.3624067676982442,8
USR-404,3,0.07448476382263752,0.9013601311872317,0.04161917797286513,0.23076923076923078,0.19230769230769232,0.019230769230769232,0.44436619122613535,0.4034137094972068,0.2786745116524227,10
USR-405,1,0.09498322599852263,0.8955457519601802,0.0815567542857143,0.2222222222222222,0.16666666666666666,0.1111111111111111,1.3880787894399231,0.5156090672285712,0.29933550398655984,12
USR-405,2,0.08342158132254124,0.9165784186774588,-0.017923061714285718,0.18181818181818182,0.12121212121212122,0.06060606060606061,0.6917802229490541,0.3061780011314286,0.31451748571329724,5
USR-405,3,0.04687463334415629,0.9531253666558437,-0.05387954457142857,0.16216216216216217,0.16216216216216217,0.02702702702702703,0.4604898730366216,0.6821949705371427,0.3094339034046765,9
USR-406,1,0.3295882722888804,0.6020711613415263,0.06551454400977996,0.765625,0.1875,0.046875,2.163520917285942,0.95135533297066,0.3790663563182161,4
USR-406,2,0.16893649782636969,0.6683493852795865,0.18630741992665037,0.43333333333333335,0.15,0.08333333333333333,0.7019656696158798,0.4281754260391198,0.3081653374839193,7
USR-406,3,0.02359632965291777,0.9688547878999082,0.007129374083129585,0.13725490196078433,0.19607843137254902,0.0784313725490196,0.8690820274150935,0.5447185262836186,0.29190689570469525,16
USR-407,1,0.15300446580465932,0.8214352513826854,0.029261650684931508,0.41379310344827586,0.06896551724137931,0.034482758620689655,3.577130936839003,0.9743835867579907,0.33870560275161493,7
USR-407,2,0.14276291394025736,0.8572370860597425,0.05218174657534246,0.3157894736842105,0.07894736842105263,0.15789473684210525,0.8198911291646038,0.880062100456621,0.32659507203519295,10
USR-407,3,0.11477966151770934,0.8852203384822908,-0.03967061529680365,0.34615384615384615,0.15384615384615385,0.07692307692307693,0.18213456204745987,1.0655427614611872,0.35189411940191423,8
USR-408,1,0.22520970932351375,0.6989858136840851,0.0829039411764706,0.609375,0.359375,0.03125,2.1507296752676015,0.9987182459016393,0.2987475712502126,10
USR-408,2,0.4549444873790392,0.3730428924990475,0.18450396817743492,0.6323529411764706,0.19117647058823528,0.07352941176470588,0.5996856789730663,0.8591509951783992,0.32725858340457514,2
USR-408,3,0.46814267047160696,0.22120268291257913,0.3210734021215043,0.7,0.25555555555555554,0.08888888888888889,0.9147334514034928,1.0038338437801348,0.3436132161744451,6
USR-409,1,0.295383728543847,0.34840866832369094,0.40940118894736843,0.7291666666666666,0.3125,0.041666666666666664,0.8994439683091968,0.9489728394736844,0.3266919980559771,9
USR-409,2,0.34476224366119795,0.5679909822618552,0.05126064789473683,0.6904761904761905,0.20238095238095238,0.09523809523809523,0.35423558215412804,0.7039850594736842,0.4002312334395756,7
USR-409,3,0.3226044799524144,0.5752407529816019,0.10157427736842105,0.65,0.27,0.02,0.5865545803305006,0.5250560384842105,0.3473227721823227,6
USR-410,1,0.11650685877781213,0.8500748241819894,0.04161669980756896,0.19642857142857142,0.10714285714285714,0.125,1.1147072617940248,0.3337151860166773,0.32015078226181254,6
USR-410,2,0.03613821630024339,0.9638617836997567,-0.007944705580500321,0.17142857142857143,0.17142857142857143,0.08571428571428572,0.9257498799152085,0.931498261706222,0.22053916765954695,11
USR-410,3,0.05005703217658143,0.5300733993434449,0.39783552020525975,0.14285714285714285,0.11904761904761904,0.09523809523809523,0.41219664830736585,0.5927827777806286,0.31410586036700594,9
USR-411,1,0.2010301300098011,0.5979552992410673,0.20279140870933896,0.46987951807228917,0.1566265060240964,0.08433734939759036,2.2751583761850314,0.47362334312696747,0.33119434363465594,7
USR-411,2,0.21701511153745426,0.6664680687685315,0.11598624501573974,0.4268292682926829,0.12195121951219512,0.0975609756097561,0.4849725426311631,0.734215132402938,0.31732932523330787,9
USR-411,3,0.17784435704512988,0.7363686140445389,0.13667182109129067,0.3541666666666667,0.125,0.052083333333333336,0.6810878203208226,0.4663082429171039,0.2777758744027891,9
USR-412,1,0.26981079920479734,0.7105571141328091,0.021692413082437276,0.4230769230769231,0.19230769230769232,0.07692307692307693,1.4978345557984936,0.3151786155913979,0.3262500067064302,2
USR-412,2,0.34520957601672025,0.6124939623631489,0.060621559139784946,0.4605263157894737,0.2631578947368421,0.07894736842105263,0.7894489368979484,0.45111775232974916,0.31920313493255653,8
USR-412,3,0.18782267325019394,0.6007911227147491,0.21377376433691755,0.36363636363636365,0.18181818181818182,0.022727272727272728,1.3590348702649906,0.9544673799283155,0.31135044977242954,9
USR-413,1,0.05775925377167864,0.9307736062260474,0.012976119311875693,0.11627906976744186,0.18604651162790697,0.046511627906976744,2.155397768709282,0.5014360849056605,0.3544278003066208,11
USR-413,2,0.07767118762285938,0.9223288123771406,5.31043285238623e-05,0.11538461538461539,0.19230769230769232,0.038461538461538464,0.22579836954958216,0.3717957728357379,0.4296114669304364,9
USR-413,3,0.05288281566181136,0.9076691901391409,0.11534629078801333,0.11764705882352941,0.17647058823529413,0.10294117647058823,0.8705025427633429,0.08801130743618203,0.3557983342193427,5
USR-414,1,0.2908707727420655,0.7091292272579345,0.0004757696793002916,0.75,0.3333333333333333,0.03571428571428571,1.0788691673282966,0.9085919217201166,0.19035651139992976,9
USR-414,2,0.3121099857316538,0.6878900142683463,-1.1182215743440239e-05,0.625,0.234375,0.0625,1.7691142848555514,0.9775990728862973,0.2828661803651666,4
USR-414,3,0.32549428846164274,0.5662773436153795,0.10819173688046647,0.7466666666666667,0.24,0.09333333333333334,1.6995314147350034,0.834310413994169,0.1948573337926174,4
USR-415,1,0.15786590195160496,0.7033653202886796,0.15856788102893887,0.2857142857142857,0.09523809523809523,0.0,0.3583286396508984,0.8524242403858523,0.19114408045993647,6
USR-415,2,0.08487621444393,0.3596974360493768,0.5931523183279742,0.28205128205128205,0.1794871794871795,0.07692307692307693,0.33642852145959595,1.0019747090032154,0.3115270130052121,8
USR-415,3,0.10806189268330736,0.4265372926620069,0.46787729903536973,0.29411764705882354,0.058823529411764705,0.058823529411764705,0.5089226494966242,0.9278070297427654,0.2695564968070721,12
USR-416,1,0.154008229697046,0.6457437242742958,0.2110491574434918,0.36666666666666664,0.16666666666666666,0.05,1.1365576059554146,0.7941724388152768,0.3460091260064888,12
USR-416,2,0.024909544350472042,0.8791457460032401,0.08372230865159781,0.12903225806451613,0.0967741935483871,0.06451612903225806,1.6141710006769654,0.956733421761496,0.2140645693522002,7
USR-416,3,0.18466254574426125,0.8153374542557389,0.008326110678098207,0.22413793103448276,0.20689655172413793,0.08620689655172414,2.032846288264066,0.21161333359314105,0.3771903830331369,9
USR-417,1,0.04133744232024804,0.875181679060997,0.11735930219072166,0.13793103448275862,0.06896551724137931,0.1206896551724138,0.42351994026681167,0.4421292119845361,0.26933753598271337,9
USR-417,2,0.04786066557691301,0.9417934399935296,-0.024230634020618556,0.1724137931034483,0.13793103448275862,0.034482758620689655,0.792810132287563,0.7145057695618557,0.3815402824011919,6
USR-417,3,0.0444507794876688,0.9378300626019441,0.04485524162371134,0.16981132075471697,0.16981132075471697,0.03773584905660377,1.5210257189077223,0.3409469373002575,0.29157414645404756,7
USR-418,1,0.3069750427445714,0.5382219412886716,0.1621111147327249,0.6911764705882353,0.27941176470588236,0.07352941176470588,1.8976737321754695,0.9996631662320731,0.3733665083900199,5
USR-418,2,0.37480188029219347,0.3605450145081213,0.28051154954367663,0.6989247311827957,0.3225806451612903,0.08602150537634409,0.5087277779464927,0.8983436838331162,0.325084557046509,8
USR-418,3,0.3264572436956505,0.5948715752877105,0.07784379139504563,0.6836734693877551,0.24489795918367346,0.05102040816326531,3.1746113544463705,0.6125335838331161,0.25668981255644535,3
USR-419,1,0.27353677642770385,0.18553353350260193,0.522687760942761,0.6491228070175439,0.2807017543859649,0.08771929824561403,0.3626621471327181,0.9653288989225585,0.36626409763067164,3
USR-419,2,0.40314052155108954,0.44853199846646924,0.14836099242424244,0.8055555555555556,0.2638888888888889,0.05555555555555555,0.33479411683524474,0.9707491076767671,0.3896861293092169,4
USR-419,3,0.40510206097463675,0.5113326703539132,0.08620747222222222,0.7333333333333333,0.3333333333333333,0.05555555555555555,2.5536272350326357,0.8088007760269356,0.24140769279458058,6
USR-420,1,0.36710199303922714,0.48296369876986117,0.1507307891392259,0.7,0.2636363636363636,0.07272727272727272,0.3729846502620516,0.760186501658001,0.24376054930391805,8
USR-420,2,0.2748202107908704,0.6211495837909848,0.10340672674754478,0.6712328767123288,0.2328767123287671,0.0821917808219178,0.7806890482439853,0.9987379335644135,0.3144919611619203,3
USR-420,3,0.3358099796473726,0.22740059016760286,0.4399396568457539,0.67,0.24,0.08,0.6870087976639004,0.7579885802657423,0.34500425368360677,6
USR-421,1,0.3171844425987894,0.6713972049155632,0.012259262158956109,0.6170212765957447,0.2553191489361702,0.0425531914893617,0.7081532915976629,0.9965388236417555,0.277118276108232,2
USR-421,2,0.35074652670541184,0.49272006693148507,0.13590626334519573,0.72,0.24,0.06,2.5651810133007653,0.869017520996441,0.2271704108622201,3
USR-421,3,0.27186069527749573,0.7229761179324559,0.010285326215895611,0.6857142857142857,0.2571428571428571,0.05714285714285714,0.753444385798617,1.000041478054567,0.38736722245825733,1
USR-422,1,0.3667782346792554,0.5375586703438846,0.1042684221879815,0.5842696629213483,0.23595505617977527,0.033707865168539325,0.7263420442197197,0.7760485792758085,0.3057006416114616,5
USR-422,2,0.5034383445400633,0.2487692281537909,0.26007165408320493,0.6451612903225806,0.27956989247311825,0.043010752688172046,0.5431083119533116,0.8490267881355933,0.33031028692009795,5
USR-422,3,0.35860730316906975,0.16707342429463262,0.4352270778120185,0.6304347826086957,0.2826086956521739,0.043478260869565216,5.0024181123444045,0.9238384785362093,0.3577642387677627,3
USR-423,1,0.3583492663780829,0.4139716026406887,0.23431968196721312,0.6470588235294118,0.22058823529411764,0.04411764705882353,1.6007144819762238,0.9555162721311476,0.3412941085346649,4
USR-423,2,0.4569627587613519,0.3598495906367556,0.21222170163934426,0.7319587628865979,0.32989690721649484,0.041237113402061855,0.9697425588341886,0.5424348090163934,0.32463156473801624,2
USR-423,3,0.42862747629033365,0.3979350320608216,0.132126768852459,0.6545454545454545,0.14545454545454545,0.03636363636363636,1.3455764016563507,0.949831039377049,0.26579849788842014,4
USR-424,1,0.3600207091053449,0.5596764213753798,0.08182982377260982,0.5909090909090909,0.22727272727272727,0.10909090909090909,1.623318603246217,0.7035222630490957,0.35058647601798437,7
USR-424,2,0.2475981967558615,0.6107558419228974,0.14763130697674418,0.660377358490566,0.3584905660377358,0.09433962264150944,1.0714956919863305,0.6671710284237726,0.20108499279150552,4
USR-424,3,0.3997486539782519,0.47837070903019885,0.11764379224806201,0.6363636363636364,0.2,0.09090909090909091,1.4334812114219218,0.5445884260671834,0.32320840875286383,4
USR-425,1,0.08237202614398709,0.7747077947484639,0.14709896867658576,0.28205128205128205,0.20512820512820512,0.07692307692307693,4.740263350369417,0.9825788770555991,0.35608691774474677,11
USR-425,2,0.1653203883849385,0.8346796116150617,0.004539584181675802,0.3125,0.1875,0.03125,0.5794134912868154,0.6451837012137825,0.29886366881723075,11
USR-425,3,0.27644481839751,0.5646930824120899,0.1597095732184808,0.4,0.15,0.05,0.5560221641544442,0.7684860474236492,0.315660104868405,14
USR-426,1,0.22659346156701016,0.7425883764485834,0.03754545714285714,0.3333333333333333,0.07407407407407407,0.07407407407407407,0.8525113538650056,0.9473108086956522,0.29370173552560325,8
USR-426,2,0.1892786947284102,0.8107213052715898,0.0011573788819875777,0.2682926829268293,0.0975609756097561,0.1951219512195122,0.5525368699900506,0.8696540894409939,0.3111531568259683,10
USR-426,3,0.3955460536543193,0.38382738548807044,0.23601762484472055,0.4153846153846154,0.12307692307692308,0.015384615384615385,1.6778933283786779,0.45994133416149063,0.30868526328721735,12
USR-427,1,0.3174323647823032,0.5495639639714137,0.14069739142335766,0.6417910447761194,0.31343283582089554,0.11940298507462686,0.4610680695311875,0.9982082746350365,0.20289954556055034,7
USR-427,2,0.48979273437406035,0.24004900864784146,0.2856222363138686,0.7246376811594203,0.2463768115942029,0.07246376811594203,0.6363662940165403,1.0001641287773724,0.32471394554563376,8
USR-427,3,0.2708575985966983,0.6731631083791969,0.05563116423357665,0.6111111111111112,0.2962962962962963,0.09259259259259259,0.40480384660174745,0.9967555383211678,0.39268866979097633,3
USR-428,1,0.3277809706013898,0.6512412722463679,0.023624751080380292,0.6842105263157895,0.3508771929824561,0.07017543859649122,0.36300282269949125,1.0448180855661193,0.11027835658090859,7
USR-428,2,0.3013226301921225,0.5725907030754679,0.1331390518582541,0.6274509803921569,0.19607843137254902,0.09803921568627451,0.24387818719556864,1.0600011347450302,0.3461487805511249,4
USR-428,3,0.6481354924195003,0.26860226712146357,0.09398690233362143,0.6976744186046512,0.23255813953488372,0.06201550387596899,1.1451536883274103,0.6232148949870353,0.30014346381554174,10
USR-429,1,0.5125201513229954,0.2434198050144354,0.27171423356807517,0.6444444444444445,0.2777777777777778,0.011111111111111112,0.692659497564391,0.8667427875586855,0.3106115929590404,8
USR-429,2,0.2413598299854595,0.48221453454208946,0.297965588028169,0.3508771929824561,0.17543859649122806,0.05263157894736842,0.9856842452476962,0.8337306426760565,0.35420320839233527,5
USR-429,3,0.16505304135840457,0.8349469586415954,-2.9267605633802887e-05,0.22857142857142856,0.2,0.02857142857142857,3.016870703875225,0.48178257629107984,0.3506191739326529,3
USR-430,1,0.06041534954756083,0.9395846504524391,0.0023927086247086246,0.20588235294117646,0.20588235294117646,0.029411764705882353,0.34302772120799563,0.7838737801087802,0.2044141803164759,8
USR-430,2,0.08670634701958199,0.9132936529804179,0.01505619735819736,0.18032786885245902,0.11475409836065574,0.04918032786885246,0.7771456955407329,0.48418882517482514,0.2880320677286566,8
USR-430,3,0.1326039336114168,0.5871008667440951,0.23162803807303808,0.23728813559322035,0.1694915254237288,0.11864406779661017,0.4874691445173556,0.4515113861693861,0.2917599166817549,2
USR-431,1,0.06769784577559437,0.2711560269836156,0.6563506150519031,0.23255813953488372,0.18604651162790697,0.046511627906976744,4.2196800028030115,0.7669212491349482,0.3701347981638908,8
USR-431,2,0.08827509099795645,0.9117249090020436,-0.0042900648788927334,0.15555555555555556,0.15555555555555556,0.1111111111111111,0.3994123916767734,0.48326382266435985,0.35782402970943444,8
USR-431,3,0.04751795712283982,0.9524820428771602,0.004452822664359862,0.09803921568627451,0.29411764705882354,0.09803921568627451,0.4178217201400682,0.47407809948096885,0.3112538080216944,12
USR-432,1,0.09011656968482777,0.8343785101346275,0.13613683995186524,0.18867924528301888,0.03773584905660377,0.0,0.26501066771188797,0.39128982129963896,0.2819730585726065,8
USR-432,2,0.13661452460447182,0.736526251642703,0.11664761913357402,0.27848101265822783,0.10126582278481013,0.08860759493670886,1.4086352590071607,0.114334619133574,0.3524458701906668,6
USR-432,3,0.04180036774265515,0.7465317469113639,0.17237280324909746,0.15789473684210525,0.13157894736842105,0.07894736842105263,2.177342237609787,0.5376389474247895,0.3728836822724163,9
USR-433,1,0.13384173148463102,0.6998215771147323,0.16760669569892472,0.41304347826086957,0.34782608695652173,0.0,3.050969864623628,0.902152222580645,0.3129178584569764,9
USR-433,2,0.21289635694679007,0.5730907847119353,0.2181324247311828,0.34285714285714286,0.2857142857142857,0.08571428571428572,1.4880344437256772,0.9108724602150539,0.13802888343840322,10
USR-433,3,0.2284102646009136,0.6109974288373243,0.1580129419354839,0.37037037037037035,0.18518518518518517,0.09259259259259259,0.6379273338651573,0.4257567537634409,0.36343172525761236,8
USR-434,1,0.03488347223802203,0.9651165277619779,0.001249581440622972,0.2,0.2,0.05,1.6681498185865953,0.7904499617131732,0.2253427071554541,14
USR-434,2,0.07020617882869311,0.929793821171307,0.008299640493186242,0.16666666666666666,0.19047619047619047,0.09523809523809523,0.28973198094560915,0.3116095619727449,0.3807223030614587,8
USR-434,3,0.1276654858625627,0.8723345141374372,-0.004418407527579494,0.20833333333333334,0.125,0.020833333333333332,0.8436382544715149,0.5615094445165476,0.3200810282778557,13
USR-435,1,0.04519412924247772,0.9548058707575222,0.046982771014492754,0.22727272727272727,0.20454545454545456,0.09090909090909091,1.4160804096238677,0.10812875594202899,0.3984758153968213,6
USR-435,2,0.11075940946203208,0.8248295765799034,0.11810276289855072,0.27450980392156865,0.19607843137254902,0.0784313725490196,0.29080859132269155,0.1494444811594203,0.3401320535640812,3
USR-435,3,0.08872626975942102,0.911273730240579,-0.10404674260869565,0.2413793103448276,0.13793103448275862,0.06896551724137931,1.1824646406633053,0.438115830098551,0.4198336641407005,3
USR-436,1,0.12909212319218488,0.870907876807815,0.003072595720720721,0.2,0.17142857142857143,0.05714285714285714,0.8082588582253282,0.5219239841891891,0.33675088535236536,6
USR-436,2,0.03564992573657969,0.9091898630146943,0.07704524774774775,0.11538461538461539,0.19230769230769232,0.15384615384615385,0.2699353015055667,0.9576201137387387,0.23740504608584337,11
USR-436,3,0.12089729348256899,0.8791027065174309,0.00372734009009009,0.21568627450980393,0.21568627450980393,0.058823529411764705,0.5202155958142369,0.6153961772972971,0.2726657078427392,8
USR-437,1,0.09328472093641176,0.7333603204940476,0.17384653883235138,0.3617021276595745,0.1702127659574468,0.0851063829787234,1.5224228601867573,0.9698576470273165,0.2628967180156067,7
USR-437,2,0.07656892319645997,0.7586692614043533,0.1656209989287627,0.2727272727272727,0.12727272727272726,0.09090909090909091,0.868038894017219,0.7329947391537226,0.253966612584276,8
USR-437,3,0.14042003013166948,0.346829132260886,0.5444860455275844,0.36363636363636365,0.2077922077922078,0.07792207792207792,0.39141649430667064,0.6892977123727907,0.2877674323341525,10
USR-438,1,0.25431849198189854,0.11570822177995939,0.6302515446118192,0.6923076923076923,0.34615384615384615,0.038461538461538464,0.03282761040806464,0.9988719130938588,0.41183302749102557,2
USR-438,2,0.4652394257483781,0.513702586464521,0.02284876129779838,0.676923076923077,0.23076923076923078,0.06153846153846154,2.083347716864485,0.9997323719582851,0.16041650776341346,6
USR-438,3,0.12602803351558783,0.8739719664844121,-0.00018708690614136725,0.48,0.32,0.0,107.09640780528208,1.0001556407879493,0.02108237370632084,6
USR-439,1,0.11127123378049492,0.7301426858412888,0.19009822564734893,0.46296296296296297,0.2222222222222222,0.037037037037037035,0.44890668594746325,0.9825118911713931,0.2859725648079903,8
USR-439,2,0.1526523438787416,0.7555232083640347,0.07699775709001233,0.39655172413793105,0.15517241379310345,0.034482758620689655,1.0020340228679603,0.5393059038224414,0.2949954323062275,11
USR-439,3,0.14927382150821347,0.43500385508095357,0.4145955536374845,0.3888888888888889,0.18518518518518517,0.05555555555555555,0.9428871399281038,0.7808965117139334,0.27320603045160763,14
USR-440,1,0.0981477287766274,0.9018522712233727,0.13195097283813748,0.1643835616438356,0.136986301369863,0.0410958904109589,1.1273935183884876,0.09299767184035475,0.34714723649795814,7
USR-440,2,0.046543864099088166,0.9465550351387122,-0.0679717389135255,0.23529411764705882,0.13725490196078433,0.0392156862745098,1.0524067295798951,0.7699368059866961,0.28547919596387755,10
USR-440,3,0.06629504101913893,0.8148137203023879,0.06677150000000001,0.19672131147540983,0.19672131147540983,0.08196721311475409,1.844938049160294,0.19654960944567626,0.35594267657887535,3
USR-441,1,0.11664852261698717,0.017447357315901527,0.7844772652631579,0.625,0.1875,0.0,0.0,0.9049779515789474,0.6644081672331921,1
USR-441,2,0.5700822051678497,0.3006656441792741,0.12453112947368421,0.7457627118644068,0.3559322033898305,0.11864406779661017,1.9902710067189837,0.9656530921684211,0.27220464415950874,2
USR-441,3,0.5917589892799323,0.29443598359209944,0.11386674315789475,0.7323943661971831,0.18309859154929578,0.11267605633802817,0.5866460997830244,0.9983621000000001,0.35727805120142714,3
USR-442,1,0.5450872539865019,0.26484081866619275,0.19045439165911152,0.7560975609756098,0.3170731707317073,0.04878048780487805,1.5877072052338588,0.753536982774252,0.38103883057909405,4
USR-442,2,0.1290265936861379,0.8709734063138622,1.3779691749773326e-05,0.3333333333333333,0.25,0.0,3.2605996057643525,0.7727289609247506,0.16486898559326513,8
USR-442,3,0.06462893682243134,0.8528355882903788,0.08698872982774251,0.22641509433962265,0.24528301886792453,0.09433962264150944,0.7438758859105772,0.1779271441523119,0.40268124761629315,5
USR-443,1,0.06447323094898715,0.9338535764407361,-0.022792662662662663,0.203125,0.09375,0.109375,0.4487307985489701,0.3395610835835836,0.34070211538635337,11
USR-443,2,0.0599866941560189,0.8505614018599468,0.1049743033033033,0.13636363636363635,0.09090909090909091,0.10606060606060606,0.375009828708983,0.19685865915915912,0.3223288092511896,5
USR-443,3,0.014087423444120468,0.9859125765558795,-0.024726450950950954,0.08695652173913043,0.13043478260869565,0.13043478260869565,0.7837765752151253,0.5790569712962962,0.2502482203646511,12
USR-444,1,0.1315741248257366,0.3815265786735448,0.5292447791139241,0.25,0.14285714285714285,0.07142857142857142,2.2912762983903834,0.11150080189873417,0.3829822933525406,6
USR-444,2,0.1181126347944562,0.8607363543268575,-0.04460520759493671,0.2826086956521739,0.2391304347826087,0.06521739130434782,0.37252290765150853,0.3483442974683544,0.36314157359237315,6
USR-444,3,0.07241287192711061,0.9275871280728893,0.00018716075949367085,0.2702702702702703,0.10810810810810811,0.08108108108108109,2.5772116835630756,0.32017291392405056,0.37364031239437967,7
USR-445,1,0.04058734222639963,0.9559682670717615,0.004451050896471949,0.20408163265306123,0.10204081632653061,0.061224489795918366,0.8993516224103312,0.2568539178716021,0.35946935433329963,3
USR-445,2,0.0730504629256083,0.9118368931518548,0.014756311740890688,0.20754716981132076,0.11320754716981132,0.05660377358490566,4.024565457872713,0.184794002891845,0.3619459145614366,6
USR-445,3,0.1334203625932653,0.745893515798813,0.11868046616541353,0.23684210526315788,0.10526315789473684,0.13157894736842105,0.6918730609656437,0.5147948650375939,0.25373588026145705,8
USR-446,1,0.10789717025433346,0.8584897255473056,0.034329696909272185,0.2222222222222222,0.19047619047619047,0.047619047619047616,2.11010379671188,0.4045546719840479,0.27539546189259223,4
USR-446,2,0.08315337608696806,0.6099633047010886,0.3393936031904287,0.23684210526315788,0.15789473684210525,0.05263157894736842,1.7688498085981332,0.4790176321036889,0.39203596529621365,10
USR-446,3,0.18645211035705184,0.8135478896429482,0.006841058823529411,0.30612244897959184,0.14285714285714285,0.04081632653061224,2.7091681439521076,0.21731216909272183,0.3303935975723235,10
USR-447,1,0.038775035971796434,0.8314441885682485,0.12910116588906168,0.11428571428571428,0.12857142857142856,0.014285714285714285,0.9109174327233301,0.27968663763608087,0.3059898436862934,3
USR-447,2,0.03269938294291279,0.9411187352279712,0.0269820990150337,0.1509433962264151,0.07547169811320754,0.018867924528301886,0.4768375741131233,0.3886723359149819,0.3722684548840884,5
USR-447,3,0.04648182852847146,0.9535181714715287,-0.0006381150855365478,0.16666666666666666,0.16666666666666666,0.0,11.087068400530603,0.2734393564800414,0.021336765552440653,9
USR-448,1,0.15529243581952037,0.8447075641804797,0.000485625,0.40425531914893614,0.23404255319148937,0.10638297872340426,0.308704380814233,0.7974039969940478,0.39772848394208815,8
USR-448,2,0.33352392838391964,0.6429383643964869,0.03894173988095238,0.4024390243902439,0.14634146341463414,0.07317073170731707,1.121261323424018,0.18712834404761905,0.361250405878286,9
USR-448,3,0.1366380733804872,0.5461349323014187,0.3171714726190477,0.3333333333333333,0.19047619047619047,0.09523809523809523,0.9915533659749217,0.5810516434523811,0.21875820749886613,12
USR-449,1,0.14384459243274952,0.47349161209936863,0.44797680327868855,0.3125,0.125,0.05,2.6700942446617697,0.44360260777170607,0.30089198701504144,13
USR-449,2,0.08683478592877233,0.7914760740430773,0.06773078992106861,0.35294117647058826,0.21568627450980393,0.058823529411764705,1.7117603016097378,0.19003281117182758,0.478269601923723,5
USR-449,3,0.16049977294486145,0.7061177885409181,0.1381297662416515,0.34615384615384615,0.14102564102564102,0.038461538461538464,1.0948102709637337,0.3991081942926533,0.29053766086278654,12
USR-450,1,0.1402623065139396,0.6739339613972134,0.19141762190594058,0.40229885057471265,0.25287356321839083,0.06896551724137931,0.3444869413868127,0.3310536998762375,0.36222513462610056,12
USR-450,2,0.2119743192685156,0.5343475522988685,0.25697305693069306,0.43283582089552236,0.1791044776119403,0.04477611940298507,1.47242772724603,0.22084352165841586,0.35646504106520205,3
USR-450,3,0.17176400242897233,0.7485050852001432,0.09252013304455446,0.325,0.1375,0.0375,1.7531166153322357,0.7599613774752475,0.20916016364358272,13
USR-451,1,0.19948888011406804,0.6127265389999014,0.1954800298611111,0.3870967741935484,0.24731182795698925,0.10752688172043011,1.2124953435163657,0.34719771111111103,0.3139301324195852,13
USR-451,2,0.23083525232482124,0.3117231437196569,0.45105468611111116,0.4067796610169492,0.0847457627118644,0.13559322033898305,0.7564664477213542,0.6988707743055556,0.3409597002371315,9
USR-451,3,0.1278261186275231,0.7786489985608626,0.09287001319444443,0.3620689655172414,0.2413793103448276,0.10344827586206896,2.8214271076581636,0.8318016673333334,0.1726856039021277,7
USR-452,1,0.24804788680146628,0.5416818103208666,0.22859680257186085,0.4827586206896552,0.1839080459770115,0.06896551724137931,1.1812351150569622,0.45749525863842616,0.3182243224215949,9
USR-452,2,0.1495539326343509,0.7798195497256071,0.05485106278366112,0.4142857142857143,0.21428571428571427,0.08571428571428572,2.511191572616636,0.27550048940998484,0.3719017466051692,10
USR-452,3,0.04216405289257517,0.4867969306515774,0.47454509379727683,0.3333333333333333,0.14285714285714285,0.09523809523809523,0.8817025104362479,1.012897830559758,0.39687622432652325,2
USR-453,1,0.3311521393994142,0.5245022180342616,0.11410105307735743,0.717391304347826,0.2826086956521739,0.13043478260869565,0.20556514298319975,0.7876782214229247,0.1932934126710752,6
USR-453,2,0.06892736425425872,0.4949002533345976,0.3941157024280068,0.3333333333333333,0.2222222222222222,0.044444444444444446,1.4067527053293756,0.8423044872953134,0.2702365724670752,11
USR-453,3,0.09708548595814796,0.9029145140418522,0.014733557312252964,0.24074074074074073,0.1111111111111111,0.0,1.4301115639874822,0.4126547351778656,0.336438834432101,9
USR-454,1,0.6544523548773422,0.3455476451226578,0.0007700636550308008,0.8142857142857143,0.15714285714285714,0.07142857142857142,1.2200580208569698,0.9755772828542094,0.33242852240244586,3
USR-454,2,0.5164918332849999,0.3608761246281929,0.11723831211498975,0.6376811594202898,0.30434782608695654,0.014492753623188406,0.9463071882274753,0.9214315633367554,0.32435035365825454,4
USR-454,3,0.5263907132160264,0.34203193940443716,0.12941936652977412,0.627906976744186,0.13953488372093023,0.09302325581395349,1.1466509177901514,0.9842858757700205,0.2953797607526248,3
USR-455,1,0.5196697051684223,0.41150517474225706,0.0642714600127959,0.5922330097087378,0.20388349514563106,0.11650485436893204,1.4250916133019342,0.663430160191939,0.3327203776720974,4
USR-455,2,0.27809018411286496,0.6225402036719373,0.09866731989763276,0.691358024691358,0.2962962962962963,0.06172839506172839,0.7117769294685098,0.829289677543186,0.3558440436435146,5
USR-455,3,0.3274669718353134,0.5100457326860809,0.16234141714651312,0.6588235294117647,0.27058823529411763,0.07058823529411765,1.1612194371150315,0.6093831923224567,0.26026038594996037,3
USR-456,1,0.08368374865604665,0.7753667196533262,0.12769882102564103,0.17391304347826086,0.10144927536231885,0.057971014492753624,0.9152078313464346,0.3028919476923077,0.30430039215956983,5
USR-456,2,0.049474513004020074,0.9310185988495915,0.07039816358974359,0.17543859649122806,0.17543859649122806,0.10526315789473684,2.5645356087718074,0.3435906009846155,0.2810853727064246,9
USR-456,3,0.02925392997362191,0.8939352418469311,0.032907909230769236,0.14285714285714285,0.14285714285714285,0.05714285714285714,1.634561226029831,0.6642752574358975,0.22808469106760754,11
USR-457,1,0.07973740726343806,0.24588305676866248,0.5534191819047619,0.1,0.16666666666666666,0.1,0.2874932096857464,0.7008995913333333,0.3181089866023985,12
USR-457,2,0.1111762411638193,0.8099655171763481,0.07895402476190475,0.42424242424242425,0.18181818181818182,0.030303030303030304,0.5989188156892933,0.944380303809524,0.3148766620871479,8
USR-457,3,0.15177050172010148,0.6670908397316594,0.18014276857142858,0.34545454545454546,0.18181818181818182,0.12727272727272726,1.6380248605122427,0.800982159047619,0.24610915013177306,13
USR-458,1,0.05051787374353121,0.7586748262857271,0.11528462244897958,0.1875,0.16666666666666666,0.020833333333333332,2.8551814038991012,0.31674446909963994,0.34571174187222936,7
USR-458,2,0.06295480039152224,0.9215778354757782,0.04383407983193278,0.2553191489361702,0.1276595744680851,0.06382978723404255,0.8388039582917852,0.5929003925570229,0.3053561066829922,5
USR-458,3,0.0618658386571295,0.8871312063937216,0.025619778511404564,0.15384615384615385,0.057692307692307696,0.057692307692307696,0.529764842242425,0.3273171347238897,0.34407046835287824,11
USR-459,1,0.09012314374796497,0.909876856252035,0.05212634917206623,0.2,0.11428571428571428,0.08571428571428572,0.3484216565216784,0.6207862339812815,0.21253221268868874,4
USR-459,2,0.04915588372206929,0.9508441162779308,-0.05166030597552196,0.13043478260869565,0.08695652173913043,0.043478260869565216,0.2833981866066588,0.6635343280417565,0.4775094155749421,6
USR-459,3,0.0334026283969308,0.5032461136166888,0.5383814283657308,0.1111111111111111,0.1111111111111111,0.16666666666666666,1.4570996919462824,0.9167568948884091,0.32499054894732404,7
USR-460,1,0.0717257315457385,0.9282742684542615,0.0031090237154150196,0.18421052631578946,0.13157894736842105,0.0,0.20367759678927422,0.8279245747035574,0.3368083612120459,11
USR-460,2,0.12758896942366205,0.8724110305763381,0.023765264822134386,0.1568627450980392,0.17647058823529413,0.0784313725490196,1.8742579781357263,0.6055428438735179,0.2645955807404412,9
USR-460,3,0.0870009045979047,0.8664028590889191,0.021308389328063244,0.1951219512195122,0.14634146341463414,0.04878048780487805,0.24063570431357778,0.32790425494071146,0.3498892425972933,9
USR-461,1,0.09972115066497149,0.7336732026628742,0.1713422007168459,0.21052631578947367,0.13157894736842105,0.13157894736842105,0.43392896477022996,0.48529603853046593,0.31629550245279303,10
USR-461,2,0.18305630436624307,0.7822530888162874,0.034599060035842295,0.22448979591836735,0.1836734693877551,0.10204081632653061,0.8382963403668682,0.4937543751702506,0.28717356417983547,7
USR-461,3,0.06378971880490786,0.6505811255471315,0.2756111612903226,0.21666666666666667,0.23333333333333334,0.0,0.560796364361693,0.17564009193548388,0.3536561094701979,5
USR-462,1,0.2354700955269688,0.5389681669619436,0.22911695298726736,0.38571428571428573,0.18571428571428572,0.11428571428571428,0.9148673235294474,0.38234997257590597,0.32991254649078855,9
USR-462,2,0.2063761072737794,0.6689422781182469,0.11852888148873654,0.28888888888888886,0.24444444444444444,0.022222222222222223,1.9245716917142421,0.8304578409402549,0.17664388625217337,11
USR-462,3,0.32245032593141415,0.5426663019011878,0.15612194221351616,0.42028985507246375,0.14492753623188406,0.057971014492753624,0.9313071745805938,0.7518585328109696,0.28226119449513226,10
USR-463,1,0.5306398315845441,0.3627508118588254,0.10632670618556701,0.7047619047619048,0.23809523809523808,0.047619047619047616,1.595384024795238,0.8218678730025774,0.3119836239896986,10
USR-463,2,0.18213221498304516,0.08274793801638854,0.6928427229381445,0.6521739130434783,0.3695652173913043,0.08695652173913043,0.2607775768910967,0.9421991372422681,0.47749860738647976,3
USR-463,3,0.2832235681394641,0.5765153777711856,0.13517907409793814,0.6417910447761194,0.1791044776119403,0.014925373134328358,0.7559049703149353,0.9636161620489693,0.3432122829480223,4
USR-464,1,0.4067796196453015,0.5570340838866378,0.008355721012658225,0.7023809523809523,0.3333333333333333,0.05952380952380952,1.356546988491933,0.776192552435443,0.32082426980419554,11
USR-464,2,0.25598070012734375,0.3267456076601583,0.4332221605063291,0.6627906976744186,0.3023255813953488,0.08139534883720931,0.33403629421380954,0.8249042592405063,0.3833752694896268,7
USR-464,3,0.4878239488030199,0.2994944292463136,0.1666591336708861,0.6262626262626263,0.25252525252525254,0.10101010101010101,1.494383737743231,0.4528863256405063,0.2641529330318532,6
USR-465,1,0.0660490872342854,0.9339509127657145,0.049001733059548254,0.203125,0.140625,0.03125,0.48469009587087175,0.14754535318275153,0.3452611760270685,7
USR-465,2,0.1500761065404408,0.8499238934595593,-0.04650254004106776,0.28169014084507044,0.07042253521126761,0.08450704225352113,0.9475892264218029,0.1641031658110883,0.3604109799661075,5
USR-465,3,0.055354338452781454,0.9323783971552967,0.07162232597535934,0.20967741935483872,0.22580645161290322,0.0967741935483871,0.6772798707978307,0.2578726491683779,0.30352570430671977,6
USR-466,1,0.30340515077297064,0.3253275806492691,0.3222769505154639,0.632183908045977,0.3103448275862069,0.05747126436781609,1.7259514884504294,0.6835803121546388,0.3486656317935375,4
USR-466,2,0.2600724300286436,0.7156955393233552,0.024341302061855672,0.7205882352941176,0.22058823529411764,0.04411764705882353,1.6970029708317471,0.9958727798969073,0.2252206814570077,6
USR-466,3,0.2639231057988119,0.6288091884260072,0.10897338144329898,0.6025641025641025,0.23076923076923078,0.038461538461538464,0.7582695026382799,0.9368709544329896,0.3223895558068769,7
USR-467,1,0.5648773983202952,0.2199968190227107,0.21949140014847812,0.6666666666666666,0.22522522522522523,0.0990990990990991,1.0706338506617967,0.46182810690423154,0.3397799252917284,3
USR-467,2,0.38581484980331104,0.4020856472446772,0.20632385077951,0.6986301369863014,0.273972602739726,0.0684931506849315,1.0977393704067255,0.7396051204008911,0.35066744476467665,3
USR-467,3,0.4267119839073976,0.3724212120856881,0.20461221529324425,0.6292134831460674,0.2247191011235955,0.06741573033707865,0.4967363299456371,0.9309944153971791,0.3107225278008022,4
USR-468,1,0.09343418097823068,0.472117966612427,0.48911154469273743,0.3333333333333333,0.18333333333333332,0.06666666666666667,0.19441001467081506,0.5550285810055865,0.28610465541346664,16
USR-468,2,0.25792046065426194,0.7039814907132994,0.023745222765363134,0.38461538461538464,0.18461538461538463,0.12307692307692308,0.5761331156591833,0.7037980328212291,0.2744242939665448,4
USR-468,3,0.07629856382276239,0.9007524517708568,0.014039489525139668,0.34210526315789475,0.23684210526315788,0.07894736842105263,0.6265376864578331,0.871248250698324,0.22925873096343694,7
USR-469,1,0.5097289552933356,0.17604199110306246,0.3139520093936806,0.6901408450704225,0.30985915492957744,0.07042253521126761,1.1263019539234458,0.8756581075320236,0.3625317180365171,5
USR-469,2,0.353917455945755,0.646082544054245,-5.574380871050386e-05,0.7288135593220338,0.3220338983050847,0.01694915254237288,0.43921770793907217,1.0027631272416737,0.35966172949789477,7
USR-469,3,0.5078168638249004,0.4773887247245369,0.03505293509820666,0.7704918032786885,0.21311475409836064,0.06557377049180328,1.527669960957835,0.825986234790777,0.23342333188843425,4
USR-470,1,0.4186187626664989,0.37719087298391407,0.20449369814814816,0.6933333333333334,0.22666666666666666,0.16,1.2373197324209506,0.999359013308642,0.3907166397549212,2
USR-470,2,0.16604161625663924,0.6225665886333562,0.22741077283950614,0.34285714285714286,0.21428571428571427,0.1,1.3635005592582827,0.25666679506172846,0.36764189432979166,7
USR-470,3,0.07547603294943905,0.924523967050561,0.02216849938271605,0.125,0.15,0.075,1.0355143271530431,0.09194193456790123,0.4419092043353118,9
USR-471,1,0.6406464244461826,0.26489724035045265,0.0827543909512761,0.7115384615384616,0.3269230769230769,0.09615384615384616,0.4618550076011171,0.8400533926450109,0.2603511579469299,3
USR-471,2,0.3936462840818751,0.5140273350108566,0.09141075174013921,0.6666666666666666,0.3333333333333333,0.017543859649122806,0.8492038045123783,0.9949342470997683,0.34018884458890974,4
USR-471,3,0.6854499042637481,0.14477208898162186,0.16774981322505797,0.7631578947368421,0.3684210526315789,0.06578947368421052,0.8269947508819457,0.8858086286774937,0.31969930920191225,3
USR-472,1,0.14183543064012952,0.15384669585791047,0.7044610088709677,0.43478260869565216,0.08695652173913043,0.043478260869565216,0.941217200153922,0.9991036395161291,0.35856083951282863,1
USR-472,2,0.0761613997619795,0.7974419592996922,0.12710546129032257,0.3333333333333333,0.23809523809523808,0.07142857142857142,2.1748951342485268,0.9462889411290322,0.1414082787141789,10
USR-472,3,0.18931941535472455,0.6877807622052339,0.12817202338709677,0.39344262295081966,0.21311475409836064,0.04918032786885246,0.647217237792599,0.6705730865806452,0.2793039076473895,9
USR-473,1,0.3319088323151936,0.475000871496312,0.19330605140186918,0.6865671641791045,0.1791044776119403,0.11940298507462686,3.3655830126649744,0.9926104986915888,0.42137664153390764,3
USR-473,2,0.1550679721132113,0.15638735207310428,0.7128736001335113,0.6851851851851852,0.3333333333333333,0.07407407407407407,1.1138478201914934,1.0001409572763684,0.24382990737193988,6
USR-473,3,0.30797536002509973,0.2585795326857989,0.47432413417890523,0.5384615384615384,0.19230769230769232,0.02564102564102564,0.565775441371434,0.9236183331108143,0.32605572547451006,6
USR-474,1,0.061362855790581046,0.8893827384656201,0.05410767349726776,0.22413793103448276,0.20689655172413793,0.06896551724137931,2.6520986629087595,0.2850188818306011,0.3018060204111311,4
USR-474,2,0.07401804207815185,0.9217364923572597,0.005784122267759563,0.11904761904761904,0.09523809523809523,0.047619047619047616,0.7420227971021957,0.6034952868852459,0.3231573612457513,11
USR-474,3,0.10349479348842662,0.8965052065115733,0.058569383879781424,0.1875,0.14583333333333334,0.041666666666666664,0.38775090232557863,0.32591861475409833,0.31744241418753905,8
USR-475,1,0.4527954387973711,0.2788565020811973,0.2792500033076075,0.7183098591549296,0.2676056338028169,0.07042253521126761,0.7775102720926779,0.9461805700110255,0.28422571690482495,6
USR-475,2,0.327093766572405,0.5267561166192962,0.15018904630650495,0.631578947368421,0.21052631578947367,0.05263157894736842,0.4835124215958884,1.028256276736494,0.4205753340414504,3
USR-475,3,0.4511820123910811,0.23959552178411112,0.32815187651598676,0.6617647058823529,0.20588235294117646,0.04411764705882353,0.9833676999332329,0.9993680926130101,0.34092480081415366,3
USR-476,1,0.09321099032830904,0.8937326116057719,0.014810446170921199,0.14492753623188406,0.21739130434782608,0.0,0.9600034719513992,0.41816790614872357,0.27294274552840553,8
USR-476,2,0.03231197933219119,0.9350626718663443,0.046561643729189785,0.08333333333333333,0.16666666666666666,0.041666666666666664,2.7831084570060964,0.9731136925638181,0.1365281360414595,10
USR-476,3,0.10925542835570536,0.6005550100454795,0.3085222652608213,0.18421052631578946,0.2236842105263158,0.06578947368421052,0.7025847434653919,0.3549239600443951,0.2621455254958025,3
USR-477,1,0.018795038588749827,0.962773412645078,0.020314386643233744,0.125,0.125,0.08333333333333333,2.7125201387561626,0.653306906268307,0.4358778580440957,4
USR-477,2,0.10138687386623502,0.8710513186640098,0.03797730052724078,0.1568627450980392,0.0392156862745098,0.13725490196078433,0.6606419036414737,0.28271908318687755,0.3265398053040624,9
USR-477,3,0.04563539019712747,0.9543646098028726,0.011933583479789104,0.14285714285714285,0.125,0.08928571428571429,0.8615366428043421,0.13941358289396596,0.3500207868953578,9
USR-478,1,0.05913068743210383,0.9408693125678959,0.00040147917888563053,0.26666666666666666,0.24444444444444444,0.044444444444444446,3.5931409644352144,0.9592161835307916,0.2894378356203721,14
USR-478,2,0.08316695981142962,0.8208134532716277,0.09385991612903227,0.40425531914893614,0.19148936170212766,0.0851063829787234,0.5654922840252075,0.4768196864809386,0.3802153922855338,5
USR-478,3,0.20194828648553406,0.39444313285799965,0.33234294017595306,0.4067796610169492,0.2033898305084746,0.03389830508474576,2.3643676241696188,0.470584073313783,0.2235227672571654,14
USR-479,1,0.31475730059704493,0.4769188815361118,0.2118163704705246,0.6363636363636364,0.24545454545454545,0.06363636363636363,0.48536310231524415,0.4817189069767442,0.34207084461816084,4
USR-479,2,0.2857623671479514,0.41010738536693864,0.30894630340724716,0.6739130434782609,0.2826086956521739,0.13043478260869565,0.2982641421510228,0.9760634274959438,0.35195711080486747,7
USR-479,3,0.40177540578249965,0.47498128709604587,0.1225458285559762,0.6813186813186813,0.27472527472527475,0.054945054945054944,0.4370857128639982,0.8538816311087073,0.3571017798034867,8
USR-480,1,0.20695240297308232,0.6935885631370304,0.10105271859785785,0.42105263157894735,0.2807017543859649,0.08771929824561403,0.5832207891417966,0.7869907916260955,0.3662566934042246,6
USR-480,2,0.20295178251409005,0.6229069803735223,0.17378115384615384,0.375,0.171875,0.0625,0.8755965881882511,0.7655895511197663,0.22582081719182565,10
USR-480,3,0.18371693040608444,0.20758929827664865,0.6128042833495618,0.46153846153846156,0.1794871794871795,0.02564102564102564,3.970327829189478,0.7607267643622201,0.13431761244396478,5
USR-481,1,0.08348754895747978,0.8332684779714269,0.13835746603563473,0.14432989690721648,0.13402061855670103,0.12371134020618557,2.1071222676130787,0.16899676732739397,0.3002520373968666,4
USR-481,2,0.10399019463217506,0.8535845009405271,-0.021935835189309576,0.18333333333333332,0.1,0.05,1.4860738169964651,0.1121512355233853,0.37772686196027117,6
USR-481,3,0.07772825556011663,0.8470158608246363,0.07656463864142539,0.16666666666666666,0.09259259259259259,0.05555555555555555,1.3859448708085276,0.2882769068374165,0.29339511367986465,6
USR-482,1,0.524431032536777,0.17735465581866855,0.26406739305711086,0.6792452830188679,0.24528301886792453,0.07547169811320754,1.0191784597093265,0.8827611844120943,0.3550625672978737,2
USR-482,2,0.4371280356565647,0.37331753049359007,0.18943206382978722,0.6349206349206349,0.25396825396825395,0.047619047619047616,1.5217001124495007,0.9360556326987681,0.3637681129311834,2
USR-482,3,0.37819745132004035,0.3908098670682714,0.20289319708846584,0.7368421052631579,0.2631578947368421,0.07894736842105263,0.8972611577855413,0.8778309938633819,0.25944685865314593,3
USR-483,1,0.3563324773198794,0.5908884448414967,0.05928655153508772,0.6727272727272727,0.2,0.0,2.1909065076082523,1.1090044550438598,0.38205346680946417,2
USR-483,2,0.26192995147968745,0.6374165523369626,0.10078163925438598,0.6,0.26,0.04,1.0046792049704283,0.9987610241228071,0.40235596727162604,2
USR-483,3,0.538568982434507,0.20807083541888619,0.2579205975877193,0.6666666666666666,0.3333333333333333,0.08,1.1478256007482668,0.9735105393859641,0.26708549577824875,8
USR-484,1,0.5753243805760988,0.3821437229378396,0.04288730032467532,0.7831325301204819,0.3253012048192771,0.024096385542168676,1.897394851031173,0.9955730572564934,0.3630143293100025,5
USR-484,2,0.3752021051243057,0.2143285014873698,0.4633362467532468,0.6571428571428571,0.14285714285714285,0.0,3.831598311303776,0.9999349805194805,0.3136279120888321,3
USR-484,3,0.16745878986591184,0.7149764796129766,0.08454075974025974,0.625,0.3,0.1,0.2712811512149122,0.9986975259740258,0.41853637343635425,3
USR-485,1,0.22713159552077122,0.3956157629087382,0.37382635129310343,0.3559322033898305,0.1694915254237288,0.03389830508474576,1.7365968759404917,0.7214867822557471,0.29570609363711886,12
USR-485,2,0.05578597727796105,0.9241757346989444,0.03286136494252874,0.20512820512820512,0.07692307692307693,0.07692307692307693,0.642471530170332,0.8775248369252874,0.17253053924538286,12
USR-485,3,0.09713008971228729,0.9028699102877125,0.08301565876436783,0.21621621621621623,0.1891891891891892,0.16216216216216217,2.737888805088314,0.6239051113505746,0.24319029380346005,9
USR-486,1,0.1258598392775724,0.8267139687356595,0.08464398459845986,0.23076923076923078,0.1076923076923077,0.06153846153846154,1.2276669252438142,0.3254309837953795,0.29136870785806773,9
USR-486,2,0.04892527324133846,0.9510747267586613,-0.030774326732673267,0.2,0.15,0.075,5.137175376790793,0.455568595709571,0.2715544770584212,11
USR-486,3,0.07734250368400128,0.8473026786561593,0.07627901320132013,0.12,0.12,0.04,0.2420232352578406,0.4650262007700769,0.3286125234229218,10
USR-487,1,0.07501552403138377,0.6962721386046655,0.22915217575187974,0.2631578947368421,0.21052631578947367,0.10526315789473684,1.1105102243595615,0.9328139765037595,0.3337725922400313,4
USR-487,2,0.1290242441414759,0.8576322140624031,0.047194281015037594,0.35714285714285715,0.16071428571428573,0.017857142857142856,0.8174009520500052,0.6658807095864663,0.3084842942810102,10
USR-487,3,0.08749790461062273,0.33093390432236186,0.49141949060150386,0.2,0.2,0.1,4.8712675689440665,0.8715381723026316,0.2875839062667343,9
USR-488,1,0.017809775761902017,0.9821902242380979,0.0006585900865460268,0.2,0.26666666666666666,0.0,7.065207938208637,0.9989354429583006,0.5115731376050634,3
USR-488,2,0.058263125978366644,0.8519148753958079,0.09106008497246262,0.21212121212121213,0.09090909090909091,0.030303030303030304,2.700546922763159,0.3426046341463415,0.3310470020142044,6
USR-488,3,0.12392315970346872,0.8625376598858567,0.019005509047993707,0.23404255319148937,0.0851063829787234,0.06382978723404255,0.6709634126485435,0.36933455232100704,0.32736265590523367,6
USR-489,1,0.48396955344143816,0.38822713087046984,0.12811975934426229,0.6698113207547169,0.2830188679245283,0.0660377358490566,1.1051700898691217,0.6688131685245902,0.31309759159189615,4
USR-489,2,0.41628191291762245,0.3085569319407137,0.2747707947540983,0.6891891891891891,0.22972972972972974,0.12162162162162163,1.8920308632305276,0.8989198918032787,0.26284475001698154,4
USR-489,3,0.30049743837011134,0.6519607271705109,0.047609025573770496,0.6666666666666666,0.3157894736842105,0.05263157894736842,4.312174582445616,0.9506496806557376,0.15050780430553282,4
USR-490,1,0.22700814334624853,0.5416854252228563,0.2192300361173815,0.49019607843137253,0.29411764705882354,0.11764705882352941,0.6280601269658519,0.5998995203160272,0.34463385618050374,3
USR-490,2,0.029328726279011234,0.9453168396768783,0.027970647855530474,0.11764705882352941,0.11764705882352941,0.0,0.1641227248974725,0.9950199830699775,0.43385117027319653,2
USR-490,3,0.14655622656271783,0.6898425108615798,0.16264367607223476,0.25,0.13636363636363635,0.06818181818181818,0.5342631141332592,0.49320151015801356,0.31613540526541617,4
USR-491,1,0.1110413226147758,0.7674636891659455,0.13159530761209592,0.30434782608695654,0.2391304347826087,0.06521739130434782,3.5721865692480357,0.9297671574556831,0.32385507239856864,11
USR-491,2,0.12659316076493327,0.8734068392350668,-0.002378897810218978,0.3333333333333333,0.21212121212121213,0.15151515151515152,0.2477876826385432,0.9065046923879041,0.3829351952869225,7
USR-491,3,0.09227373845017608,0.7349413271851036,0.1798082669447341,0.3,0.2,0.03333333333333333,0.3572948724418723,1.0188126913451512,0.33495860340179245,5
USR-492,1,0.153720705140918,0.7941004819972112,0.05122161499493415,0.3582089552238806,0.19402985074626866,0.08955223880597014,1.2717753226716295,0.7939287781155017,0.23953193239766965,10
USR-492,2,0.06241672684247962,0.929990670830281,-0.010529288247213778,0.3333333333333333,0.2,0.0,0.21459206617544613,0.8276340562310031,0.2538293476093467,9
USR-492,3,0.20510604418299996,0.5950645486044029,0.19938925481256334,0.46153846153846156,0.2087912087912088,0.054945054945054944,1.0033737396543034,0.4922884093211751,0.25826464244888625,2
USR-493,1,0.1943660713292087,0.735269268907689,0.07193883202416917,0.4177215189873418,0.1518987341772152,0.02531645569620253,1.0336448758581391,0.3341790833836858,0.3573574469930463,11
USR-493,2,0.05646629016405856,0.9263785957865507,0.026761912386706947,0.18309859154929578,0.16901408450704225,0.15492957746478872,0.8095888383719779,0.21965401631419937,0.31642882985864407,8
USR-493,3,0.06375999155241588,0.7917765676511096,0.14850444350453174,0.17857142857142858,0.14285714285714285,0.03571428571428571,1.9764623448036518,0.4904191299093655,0.24671115726992457,15
USR-494,1,0.1493782353695985,0.42270258730304366,0.5034192636579573,0.3728813559322034,0.2033898305084746,0.06779661016949153,1.3680827633537906,0.786912687648456,0.3261890054274035,8
USR-494,2,0.2045453081139021,0.7370274557252456,0.0698816567695962,0.46296296296296297,0.2037037037037037,0.07407407407407407,0.7844134264910851,0.39555778503562944,0.3493021702518498,8
USR-494,3,0.14008733666924797,0.78021292810627,0.06858586817102137,0.24444444444444444,0.13333333333333333,0.1111111111111111,0.49791692628150885,0.8673062114014252,0.22043393791666357,11
USR-495,1,0.05326530661372872,0.8686400790500644,0.10059605510907003,0.20967741935483872,0.11290322580645161,0.06451612903225806,1.6468019475961073,0.1793999161423648,0.36182730852336803,8
USR-495,2,0.12704348871959817,0.8652511245917166,-0.01048430654420207,0.1568627450980392,0.1568627450980392,0.0392156862745098,0.38748850309575456,0.2725464230309988,0.3708366888993542,5
USR-495,3,0.07169828865475754,0.8981042940248127,0.11618861136624568,0.1917808219178082,0.1780821917808219,0.1095890410958904,0.49926684929892085,0.1547957416762342,0.3326757447625277,5
USR-496,1,0.024189143671920293,0.36100836066979647,0.5819141112244898,0.125,0.1875,0.0625,0.10053342818549897,0.9115517765306123,0.30866036976783934,7
USR-496,2,0.42234743556069454,0.48075657746559775,0.11202810408163266,0.3783783783783784,0.14864864864864866,0.06756756756756757,0.9555473944910906,0.40207804795918367,0.33662079655896104,9
USR-496,3,0.17600259164424586,0.7739906401122498,0.04511258163265307,0.3617021276595745,0.3404255319148936,0.02127659574468085,0.215435157596397,0.8068610693877551,0.33280613280257954,5
USR-497,1,0.21686780137217282,0.6516303561264384,0.12287802465331277,0.41818181818181815,0.07272727272727272,0.12727272727272726,0.44914579946163025,0.5532579175346687,0.26663455665504693,6
USR-497,2,0.09739858310806561,0.658388679014725,0.24630970107858244,0.4375,0.15625,0.03125,0.4058332090629985,0.925220625577812,0.35361501908444426,4
USR-497,3,0.06698911648217551,0.7790652443046334,0.15811741294298923,0.3076923076923077,0.11538461538461539,0.07692307692307693,1.6817861435356354,1.0428854083204933,0.2783594723188124,2
USR-498,1,0.2768804566955021,0.6815427171310615,0.045835244527495995,0.6161616161616161,0.2727272727272727,0.050505050505050504,4.033693495624905,0.9664505189535504,0.3542514221456159,10
USR-498,2,0.36806951824880624,0.4774756306565368,0.15461174959957286,0.6355140186915887,0.21495327102803738,0.06542056074766354,0.7428920461252175,0.39566908858515715,0.38784857158966246,5
USR-498,3,0.21769168744819617,0.6683848251640587,0.11501968606513613,0.6451612903225806,0.3548387096774194,0.03225806451612903,0.5113641499055817,0.9632916390816872,0.30380427516472547,9
USR-499,1,0.04912186592558367,0.9508781340744165,0.03516211777003484,0.14925373134328357,0.11940298507462686,0.04477611940298507,0.7018824308285323,0.21864340348432057,0.30052263943972285,10
USR-499,2,0.04977259385494426,0.9329083862846977,0.05470835958188153,0.25,0.1111111111111111,0.1111111111111111,0.2030588993664315,0.39924907038327523,0.3580994889327741,7
USR-499,3,0.18577638710229832,0.6500481278107088,0.15710636376306622,0.26666666666666666,0.11666666666666667,0.08333333333333333,0.44194078229722045,0.5554062745644599,0.3342167890247714,7
USR-500,1,0.2459555109496445,0.6594260925329413,0.09900812483130904,0.640625,0.375,0.0625,1.3765576954150542,0.9970292651821862,0.348066204610776,8
USR-500,2,0.11021584919806077,0.8563845871574551,0.03482861943319838,0.4222222222222222,0.2,0.022222222222222223,0.3489707308370918,0.915652628879892,0.3566652930663895,7
USR-500,3,0.03165164008910195,0.9499643041512974,0.016503400809716597,0.19230769230769232,0.15384615384615385,0.07692307692307693,2.528461818610455,0.997672600539811,0.2080371241223788,3
